date_utc,clob_fees_usd,aggregator_fees_usd,combined_fees_usd
2025-11-24,5419,12089,17508
2025-11-25,,4505,4505
2025-11-26,,7178,7178
2025-11-27,,2959,2959
2025-11-28,,2116,2116
2025-11-29,,1186,1186
2025-11-30,,1518,1518
2025-12-01,,1657,1657
2025-12-02,,1099,1099
2025-12-03,,1015,1015
2025-12-04,,793,793
2025-12-05,,608,608
2025-12-06,,335,335
2025-12-07,,382,382
2025-12-08,,556,556
2025-12-09,,525,525
2025-12-10,,435,435
2025-12-11,,337,337
2025-12-12,,2731,2731
2025-12-13,,278,278
2025-12-14,,334,334
2025-12-15,,98,98
2025-12-16,,65,65
2025-12-17,,87,87
2025-12-18,,440,440
2025-12-19,,306,306
2025-12-20,,583,583
2025-12-21,,326,326
2025-12-22,,80,80
2025-12-23,,90,90
2025-12-24,,45,45
2025-12-25,,95,95
2025-12-26,,416,416
2025-12-27,,362,362
2025-12-28,,65,65
2025-12-29,,90,90
2025-12-30,,28,28
2025-12-31,,67,67
2026-01-01,,58,58
2026-01-02,,186,186
2026-01-03,,153,153
2026-01-04,,76,76
2026-01-05,,55,55
2026-01-06,,83,83
2026-01-07,,69,69
2026-01-08,,66,66
2026-01-09,,45,45
2026-01-10,,24,24
2026-01-11,,16,16
2026-01-12,,118,118
2026-01-13,,44,44
2026-01-14,,34,34
2026-01-15,,9,9
2026-01-16,,16,16
2026-01-17,,8,8
2026-01-18,,10,10
2026-01-19,,30,30
2026-01-20,,38,38
2026-01-21,,8,8
2026-01-22,,33,33
2026-01-23,,7,7
2026-01-24,,7,7
2026-01-25,,139,139
2026-01-26,,24,24
2026-01-27,,10,10
2026-01-28,,13,13
2026-01-29,,15,15
2026-01-30,,180,180
2026-01-31,,47,47
2026-02-01,,106,106
2026-02-02,,48,48
2026-02-03,,3,3
2026-02-04,,19,19
2026-02-05,,54,54
2026-02-06,,49,49
2026-02-07,,13,13
2026-02-08,,32,32
2026-02-09,,33,33
2026-02-10,,58,58
2026-02-11,,68,68
2026-02-12,,11,11
2026-02-13,,37,37
2026-02-14,,67,67
2026-02-15,,6,6
2026-02-16,,16,16
2026-02-17,,31,31
2026-02-18,,12,12
2026-02-19,,6,6
2026-02-20,,193,193
2026-02-21,,5,5
2026-02-22,,5,5
2026-02-23,,7,7
2026-02-24,,2,2
2026-02-25,,2,2
2026-02-26,,5,5
2026-02-27,,6,6
2026-02-28,,1,1
2026-03-01,,3,3
2026-03-02,,10,10
2026-03-03,,15,15
2026-03-04,,12,12
2026-03-05,,16,16
2026-03-06,,5,5
2026-03-07,,9,9
2026-03-08,,42,42
2026-03-09,,47,47
2026-03-10,,4,4
2026-03-11,,5,5
2026-03-12,,22,22
2026-03-13,,24,24
2026-03-14,,2,2
2026-03-15,,13,13
2026-03-16,,7,7
2026-03-17,,24,24
2026-03-18,,15,15
2026-03-19,,50,50
2026-03-20,,1,1
2026-03-21,,3,3
2026-03-22,,19,19
2026-03-23,,3,3
2026-03-24,,57,57
2026-03-25,,150,150
2026-03-26,,34,34
2026-03-27,,19,19
2026-03-28,,5,5
2026-03-29,,4,4
2026-03-30,,5,5
2026-03-31,,34,34
2026-04-01,,6,6
2026-04-02,,24,24
2026-04-03,,18,18
2026-04-04,,49,49
2026-04-05,,10,10
2026-04-06,,82,82
2026-04-07,,44,44
2026-04-08,,50,50
2026-04-09,,112,112
2026-04-10,,61,61
2026-04-11,,146,146
2026-04-12,,59,59
2026-04-13,,29,29
2026-04-14,,115,115
2026-04-15,,72,72
2026-04-16,,75,75
2026-04-17,,90,90
2026-04-18,,71,71
2026-04-19,,28,28
2026-04-20,,45,45
2026-04-21,,34,34
2026-04-22,,58,58
2026-04-23,,9,9
2026-04-24,,83,83
2026-04-25,,29,29
2026-04-26,,29,29
2026-04-27,,61,61
2026-04-28,,37,37
2026-04-29,,43,43
2026-04-30,,19,19
2026-05-01,,18,18
2026-05-02,,33,33
2026-05-03,,21,21
2026-05-04,,71,71
2026-05-05,,37.92,37.92
2026-05-06,,58.63,58.63
2026-05-07,,52.26,52.26
2026-05-08,,13.83,13.83
2026-05-09,,48.2,48.2
2026-05-10,,49.7,49.7
2026-05-11,,83.6,83.6
2026-05-12,,67.44,67.44
2026-05-13,,73.72,73.72
2026-05-14,,47.23,47.23
2026-05-15,,61.45,61.45
2026-05-16,,31.69,31.69
2026-05-17,,10.11,10.11
2026-05-18,,106,106
2026-05-19,,65.35,65.35
2026-05-20,,24.44,24.44
2026-05-21,,70.82,70.82
2026-05-22,,36.4,36.4
2026-05-23,,42.96,42.96
2026-05-24,,48.77,48.77
2026-05-25,,59.6,59.6
2026-05-26,,31.5,31.5
2026-05-27,,24.29,24.29
2026-05-28,,30.32,30.32
2026-05-29,,13.49,13.49
2026-05-30,,25.84,25.84
2026-05-31,,18.82,18.82
2026-06-01,,26.4,26.4
2026-06-02,,80.43,80.43
2026-06-03,,11.43,11.43
2026-06-04,,22.03,22.03
2026-06-05,,30.07,30.07
2026-06-06,,14.54,14.54
2026-06-07,,14.8,14.8
2026-06-08,,32.06,32.06
2026-06-09,,28.31,28.31
2026-06-10,,9.29,9.29
2026-06-11,,9.29,9.29
2026-06-12,,24.11,24.11
2026-06-13,,5.31,5.31
2026-06-14,,8.94,8.94
2026-06-15,,16.08,16.08
2026-06-16,,11.95,11.95
2026-06-17,,11.54,11.54
2026-06-18,,5.63,5.63
2026-06-19,,6.92,6.92
2026-06-20,,4.46,4.46
2026-06-21,,5.63,5.63
2026-06-22,,4.23,4.23
2026-06-23,,16.78,16.78
2026-06-24,,2.45,2.45
2026-06-25,,13.73,13.73
2026-06-26,,7.15,7.15
2026-06-27,,4.14,4.14
2026-06-28,,11.83,11.83
2026-06-29,,7.06,7.06
2026-06-30,,41.58,41.58
2026-07-01,,13.48,13.48
2026-07-02,,12.58,12.58
2026-07-03,,10.64,10.64
2026-07-04,,17.07,17.07
2026-07-05,,3.49,3.49
2026-07-06,,16.06,16.06
2026-07-07,,34.61,34.61
2026-07-08,,35.17,35.17
2026-07-09,,89.15,89.15
2026-07-10,0.35,72.02,72.36999999999999
2026-07-11,0.61,13.04,13.649999999999999
2026-07-12,0.18,17.49,17.669999999999998
2026-07-13,0.1,19.31,19.41
2026-07-14,0.31,57.43,57.74
2026-07-15,0.17,5.36,5.53
2026-07-16,0.08,1.87,1.9500000000000002
2026-07-17,0.05,5.25,5.3
2026-07-18,0.02,1.15,1.17
2026-07-19,0.01,4.89,4.8999999999999995
2026-07-20,0.33,5.34,5.67
2026-07-21,0.4,56.31,56.71
2026-07-22,0.38,32.07,32.45
2026-07-23,1.45,133,134.45
2026-07-24,1.44,188,189.44
2026-07-25,0.27,126,126.27
2026-07-26,0.07,216,216.07
2026-07-27,0.08,270,270.08
2026-07-28,0.06,793,793.06
2026-07-29,0.05,423,423.05
2026-07-30,0.04,187,187.04
2026-07-31,0.05,365,365.05
2026-08-01,0.02,241,241.02
2026-08-02,0.1,19.56,19.66
2026-08-03,0.1,10.01,10.11
2026-08-04,0.07,10.27,10.34
2026-08-05,0.05,4.75,4.8
2026-08-06,0.01,5.42,5.43
2026-08-07,0.02,27.36,27.38
2026-08-08,0.05,5.99,6.04
2026-08-09,0.02,4.6,4.619999999999999
2026-08-10,0.15,12.7,12.85
2026-08-11,0.03,5.69,5.720000000000001
2026-08-12,0.07,8.26,8.33
2026-08-13,0.04,16.76,16.8
2026-08-14,0.04,11.57,11.61
2026-08-15,0.03,7.42,7.45
2026-08-16,0.01,12.13,12.14
2026-08-17,0.09,18.73,18.82
2026-08-18,0.07,9.06,9.13
2026-08-19,0.15,4.4,4.550000000000001
2026-08-20,1.83,21.67,23.5
2026-08-21,1.11,62.56,63.67
2026-08-22,1.81,15.98,17.79
2026-08-23,1.17,12.8,13.97
2026-08-24,1.87,35.05,36.919999999999995
2026-08-25,1.36,28,29.36
2026-08-26,0.34,13.22,13.56
2026-08-27,0.38,25.79,26.169999999999998
2026-08-28,0.87,17.74,18.61
2026-08-29,0.27,29.56,29.83
2026-08-30,0.39,28.35,28.740000000000002
2026-08-31,0.52,97.01,97.53
2026-09-01,0.42,19.57,19.990000000000002
2026-09-02,0.22,5.62,5.84
2026-09-03,,8.77,8.77
2026-09-04,,22.93,22.93
2026-09-05,,41.77,41.77
2026-09-06,,38.93,38.93
2026-09-07,,25.35,25.35
2026-09-08,,11.79,11.79
2026-09-09,,3.88,3.88
2026-09-10,,6.24,6.24
2026-09-11,,0.84,0.84
2026-09-12,,1,1
2026-09-13,,1.16,1.16
2026-09-14,,5.45,5.45
