month,assetType,volumeByAssetType,platformFeesByAssetType,totalVolumeInBillions,totalFeesInMillions,last30DayVolumeInBillions,last30DayRevenueInMillions,last30DayVolumeTokenTradingInMillions
2026-08-01 00:00:00.000 UTC,NFT Marketplace,37097755.557467505,409755.9459077801,48.914150242365714,1014.6418520000319,0.05697471484855677,0.5737408600592666,19.87695929108927
2026-08-01 00:00:00.000 UTC,Token Trading,19876959.29108927,163984.91415148648,48.914150242365714,1014.6418520000319,0.05697471484855677,0.5737408600592666,19.87695929108927
2026-07-01 00:00:00.000 UTC,NFT Marketplace,26339843.547141027,327631.4180424406,48.914150242365714,1014.6418520000319,0.04287959570068803,0.46408437330920344,16.539752153547
2026-07-01 00:00:00.000 UTC,Token Trading,16539752.153547,136452.95526676282,48.914150242365714,1014.6418520000319,0.04287959570068803,0.46408437330920344,16.539752153547
2026-06-01 00:00:00.000 UTC,NFT Marketplace,32715057.360516414,409133.0893802165,48.914150242365714,1014.6418520000319,0.05704757597046172,0.6098763679122653,24.332518609945303
2026-06-01 00:00:00.000 UTC,Token Trading,24332518.609945305,200743.27853204877,48.914150242365714,1014.6418520000319,0.05704757597046172,0.6098763679122653,24.332518609945303
2026-05-01 00:00:00.000 UTC,NFT Marketplace,52335738.93880227,657829.6594952076,48.914150242365714,1014.6418520000319,0.16162024497723823,1.5594268343123039,109.28450603843596
2026-05-01 00:00:00.000 UTC,Token Trading,109284506.03843597,901597.1748170962,48.914150242365714,1014.6418520000319,0.16162024497723823,1.5594268343123039,109.28450603843596
2026-04-01 00:00:00.000 UTC,Token Trading,45846257.72542871,378231.6262347867,48.914150242365714,1014.6418520000319,0.08013451185828825,0.7600083411613321,45.84625772542871
2026-04-01 00:00:00.000 UTC,NFT Marketplace,34288254.13285956,381776.7149265454,48.914150242365714,1014.6418520000319,0.08013451185828825,0.7600083411613321,45.84625772542871
2026-03-01 00:00:00.000 UTC,NFT Marketplace,33400312.8535026,420550.04390693974,48.914150242365714,1014.6418520000319,0.5981249395101665,5.182445352627801,522.2422336654773
2026-03-01 00:00:00.000 UTC,Token Trading,152469173.2166756,1257870.679037576,48.914150242365714,1014.6418520000319,0.5981249395101665,5.182445352627801,522.2422336654773
2026-02-01 00:00:00.000 UTC,NFT Marketplace,42482392.99118658,453396.8809806769,48.914150242365714,1014.6418520000319,0.41225545343998826,3.504024629683285,369.7730604488017
2026-02-01 00:00:00.000 UTC,Token Trading,369773060.4488017,3050627.748702608,48.914150242365714,1014.6418520000319,0.41225545343998826,3.504024629683285,369.7730604488017
2026-01-01 00:00:00.000 UTC,Token Trading,758922612.8097745,6261111.555680621,48.914150242365714,1014.6418520000319,0.8422507996392243,7.123600689293485,758.9226128097745
2026-01-01 00:00:00.000 UTC,NFT Marketplace,83328186.8294498,862489.1336128633,48.914150242365714,1014.6418520000319,0.8422507996392243,7.123600689293485,758.9226128097745
2025-12-01 00:00:00.000 UTC,NFT Marketplace,105185895.90478112,898306.5520261879,48.914150242365714,1014.6418520000319,0.6813070146183646,5.651305781413245,576.1211187135834
2025-12-01 00:00:00.000 UTC,Token Trading,576121118.7135835,4752999.229387057,48.914150242365714,1014.6418520000319,0.6813070146183646,5.651305781413245,576.1211187135834
2025-11-01 00:00:00.000 UTC,NFT Marketplace,108201143.31422207,1231682.0409960183,48.914150242365714,1014.6418520000319,0.7868288702352046,6.8303607880941275,678.6277269209826
2025-11-01 00:00:00.000 UTC,Token Trading,678627726.9209826,5598678.747098109,48.914150242365714,1014.6418520000319,0.7868288702352046,6.8303607880941275,678.6277269209826
2025-10-01 00:00:00.000 UTC,NFT Marketplace,428240190.4027699,4691899.951277126,48.914150242365714,1014.6418520000319,3.3447167258618706,28.75283136881504,2916.476535459101
2025-10-01 00:00:00.000 UTC,Token Trading,2916476535.4591007,24060931.417537916,48.914150242365714,1014.6418520000319,3.3447167258618706,28.75283136881504,2916.476535459101
2025-09-01 00:00:00.000 UTC,NFT Marketplace,295503216.623708,2763236.8034528377,48.914150242365714,1014.6418520000319,0.8520609862629387,7.354838402976483,556.5577696392307
2025-09-01 00:00:00.000 UTC,Token Trading,556557769.6392307,4591601.599523646,48.914150242365714,1014.6418520000319,0.8520609862629387,7.354838402976483,556.5577696392307
2025-08-01 00:00:00.000 UTC,NFT Marketplace,243685326.38231948,1353796.0736597648,48.914150242365714,1014.6418520000319,0.36708014147276874,2.371803298155959,123.39481509044926
2025-08-01 00:00:00.000 UTC,Token Trading,123394815.09044926,1018007.2244961942,48.914150242365714,1014.6418520000319,0.36708014147276874,2.371803298155959,123.39481509044926
2025-07-01 00:00:00.000 UTC,Token Trading,132276353.20720908,1091279.913959474,48.914150242365714,1014.6418520000319,0.3238512253898755,2.06350119973341,132.27635320720907
2025-07-01 00:00:00.000 UTC,NFT Marketplace,191574872.1826664,972221.2857739361,48.914150242365714,1014.6418520000319,0.3238512253898755,2.06350119973341,132.27635320720907
2025-06-01 00:00:00.000 UTC,NFT Marketplace,104658199.7138291,625333.6575059919,48.914150242365714,1014.6418520000319,0.20479104975070567,1.451429670310223,100.13285003687656
2025-06-01 00:00:00.000 UTC,Token Trading,100132850.03687656,826096.0128042311,48.914150242365714,1014.6418520000319,0.20479104975070567,1.451429670310223,100.13285003687656
2025-05-01 00:00:00.000 UTC,NFT Marketplace,108602668.28141148,686492.7015805542,48.914150242365714,1014.6418520000319,0.14256252294687882,0.9666615025706596,33.95985466546735
2025-05-01 00:00:00.000 UTC,Token Trading,33959854.665467344,280168.80099010543,48.914150242365714,1014.6418520000319,0.14256252294687882,0.9666615025706596,33.95985466546735
2025-04-01 00:00:00.000 UTC,Token Trading,5323996.668503235,43922.97251515179,48.914150242365714,1014.6418520000319,0.06770153865594507,0.47412578829556673,5.323996668503235
2025-04-01 00:00:00.000 UTC,NFT Marketplace,62377541.98744183,430202.81578041497,48.914150242365714,1014.6418520000319,0.06770153865594507,0.47412578829556673,5.323996668503235
2025-03-01 00:00:00.000 UTC,NFT Marketplace,74822387.02011825,459689.38304898195,48.914150242365714,1014.6418520000319,0.31507117658514167,2.222503771970299,0.009413559181492696
2025-03-01 00:00:00.000 UTC,Token Trading,9413.559181492696,77.66186324731474,48.914150242365714,1014.6418520000319,0.31507117658514167,2.222503771970299,0.009413559181492696
2025-02-01 00:00:00.000 UTC,NFT Marketplace,240239376.00584194,1762736.7270580695,48.914150242365714,1014.6418520000319,0.24023937600584194,1.7627367270580696,0
2025-01-01 00:00:00.000 UTC,NFT Marketplace,194479228.12969786,3327237.635517376,48.914150242365714,1014.6418520000319,0.19447922812969787,3.327237635517376,0
2024-12-01 00:00:00.000 UTC,NFT Marketplace,326834020.8705696,5846980.48061721,48.914150242365714,1014.6418520000319,0.32683402087056956,5.84698048061721,0
2024-11-01 00:00:00.000 UTC,NFT Marketplace,86754450.3618553,1616990.0600664185,48.914150242365714,1014.6418520000319,0.08675445036185529,1.6169900600664184,0
2024-10-01 00:00:00.000 UTC,NFT Marketplace,49786575.76541992,979654.1984164984,48.914150242365714,1014.6418520000319,0.04978657576541992,0.9796541984164984,0
2024-09-01 00:00:00.000 UTC,NFT Marketplace,38179921.3993701,718114.310406266,48.914150242365714,1014.6418520000319,0.0381799213993701,0.718114310406266,0
2024-08-01 00:00:00.000 UTC,NFT Marketplace,42382933.02272974,807654.9401969353,48.914150242365714,1014.6418520000319,0.04238293302272974,0.8076549401969353,0
2024-07-01 00:00:00.000 UTC,NFT Marketplace,42008557.36991038,777029.6738730947,48.914150242365714,1014.6418520000319,0.04200855736991038,0.7770296738730947,0
2024-06-01 00:00:00.000 UTC,NFT Marketplace,50712863.42648018,1001517.7898107541,48.914150242365714,1014.6418520000319,0.05071286342648018,1.0015177898107541,0
2024-05-01 00:00:00.000 UTC,NFT Marketplace,65878263.59897759,1333302.0699463736,48.914150242365714,1014.6418520000319,0.06587826359897758,1.3333020699463736,0
2024-04-01 00:00:00.000 UTC,NFT Marketplace,143083243.30048257,3043007.847330377,48.914150242365714,1014.6418520000319,0.14308324330048258,3.0430078473303768,0
2024-03-01 00:00:00.000 UTC,NFT Marketplace,187438324.61413458,3854160.5030840174,48.914150242365714,1014.6418520000319,0.34746065508000284,7.120411761036507,0
2024-02-01 00:00:00.000 UTC,NFT Marketplace,160022330.46586826,3266251.2579524904,48.914150242365714,1014.6418520000319,0.16002233046586825,3.2662512579524905,0
2024-01-01 00:00:00.000 UTC,NFT Marketplace,151741211.14292285,3072326.116948351,48.914150242365714,1014.6418520000319,0.15174121114292285,3.072326116948351,0
2023-12-01 00:00:00.000 UTC,NFT Marketplace,177292651.08399945,3607053.3064933615,48.914150242365714,1014.6418520000319,0.17729265108399944,3.6070533064933614,0
2023-11-01 00:00:00.000 UTC,NFT Marketplace,142415641.77293736,2787082.628947886,48.914150242365714,1014.6418520000319,0.14241564177293736,2.787082628947886,0
2023-10-01 00:00:00.000 UTC,NFT Marketplace,173610837.12711543,1797956.5147902414,48.914150242365714,1014.6418520000319,0.17361083712711542,1.7979565147902414,0
2023-09-01 00:00:00.000 UTC,NFT Marketplace,78638402.16968134,1556286.184092809,48.914150242365714,1014.6418520000319,0.07863840216968133,1.556286184092809,0
2023-08-01 00:00:00.000 UTC,NFT Marketplace,113149702.5733949,2063266.6068805375,48.914150242365714,1014.6418520000319,0.11314970257339489,2.0632666068805374,0
2023-07-01 00:00:00.000 UTC,NFT Marketplace,133057181.69830455,2403018.52368761,48.914150242365714,1014.6418520000319,0.13305718169830455,2.40301852368761,0
2023-06-01 00:00:00.000 UTC,NFT Marketplace,168748164.659233,3190791.264655093,48.914150242365714,1014.6418520000319,0.168748164659233,3.1907912646550933,0
2023-05-01 00:00:00.000 UTC,NFT Marketplace,194008728.40538114,3743124.497860096,48.914150242365714,1014.6418520000319,0.19400872840538114,3.7431244978600957,0
2023-04-01 00:00:00.000 UTC,NFT Marketplace,305974095.290562,4714576.1952266265,48.914150242365714,1014.6418520000319,0.30597409529056196,4.714576195226626,0
2023-03-01 00:00:00.000 UTC,NFT Marketplace,401451472.210855,495409.9921257537,48.914150242365714,1014.6418520000319,1.1095110452148205,7.036751671211011,0
2023-02-01 00:00:00.000 UTC,NFT Marketplace,708059573.0039653,6541341.679085257,48.914150242365714,1014.6418520000319,0.7080595730039653,6.541341679085257,0
2023-01-01 00:00:00.000 UTC,NFT Marketplace,462025364.3921363,11409943.243838267,48.914150242365714,1014.6418520000319,0.46202536439213626,11.409943243838267,0
2022-12-01 00:00:00.000 UTC,NFT Marketplace,300402461.5231413,7503354.467903953,48.914150242365714,1014.6418520000319,0.3004024615231413,7.503354467903953,0
2022-11-01 00:00:00.000 UTC,NFT Marketplace,260091029.93544447,6490287.695463837,48.914150242365714,1014.6418520000319,0.2600910299354445,6.490287695463837,0
2022-10-01 00:00:00.000 UTC,NFT Marketplace,334645052.2559614,8351921.973523597,48.914150242365714,1014.6418520000319,0.3346450522559614,8.351921973523597,0
2022-09-01 00:00:00.000 UTC,NFT Marketplace,355928945.95008904,8892761.430431448,48.914150242365714,1014.6418520000319,0.35592894595008906,8.892761430431447,0
2022-08-01 00:00:00.000 UTC,NFT Marketplace,508225716.26135474,12734628.800644392,48.914150242365714,1014.6418520000319,0.5082257162613547,12.734628800644392,0
2022-07-01 00:00:00.000 UTC,NFT Marketplace,532975125.0649615,13365478.228334408,48.914150242365714,1014.6418520000319,0.5329751250649615,13.365478228334409,0
2022-06-01 00:00:00.000 UTC,NFT Marketplace,700967269.2316481,17610746.426697813,48.914150242365714,1014.6418520000319,0.7009672692316481,17.610746426697812,0
2022-05-01 00:00:00.000 UTC,NFT Marketplace,2620611666.038197,65764118.94603502,48.914150242365714,1014.6418520000319,2.620611666038197,65.76411894603503,0
2022-04-01 00:00:00.000 UTC,NFT Marketplace,3522830615.508365,88657283.5706025,48.914150242365714,1014.6418520000319,3.522830615508365,88.6572835706025,0
2022-03-01 00:00:00.000 UTC,NFT Marketplace,2528328143.6249137,63760708.246832564,48.914150242365714,1014.6418520000319,6.169379489461816,149.33208032301206,0
2022-02-01 00:00:00.000 UTC,NFT Marketplace,3641051345.836902,85571372.0761795,48.914150242365714,1014.6418520000319,3.6410513458369023,85.5713720761795,0
2022-01-01 00:00:00.000 UTC,NFT Marketplace,5021114085.534881,122766461.47975306,48.914150242365714,1014.6418520000319,5.02111408553488,122.76646147975306,0
2021-12-01 00:00:00.000 UTC,NFT Marketplace,2615076474.742922,67132083.37986448,48.914150242365714,1014.6418520000319,2.615076474742922,67.13208337986448,0
2021-11-01 00:00:00.000 UTC,NFT Marketplace,2212515614.735351,55867926.920728385,48.914150242365714,1014.6418520000319,2.2125156147353513,55.86792692072839,0
2021-10-01 00:00:00.000 UTC,NFT Marketplace,2562574007.378812,63720309.95097479,48.914150242365714,1014.6418520000319,2.562574007378812,63.720309950974794,0
2021-09-01 00:00:00.000 UTC,NFT Marketplace,3025763812.2067165,74023113.29181522,48.914150242365714,1014.6418520000319,3.0257638122067165,74.02311329181522,0
2021-08-01 00:00:00.000 UTC,NFT Marketplace,3438433177.20905,81727002.41966914,48.914150242365714,1014.6418520000319,3.4384331772090504,81.72700241966913,0
2021-07-01 00:00:00.000 UTC,NFT Marketplace,343853967.7594639,8078525.016825426,48.914150242365714,1014.6418520000319,0.3438539677594639,8.078525016825427,0
2021-06-01 00:00:00.000 UTC,NFT Marketplace,148616872.04121363,3466283.104768568,48.914150242365714,1014.6418520000319,0.14861687204121363,3.4662831047685683,0
2021-05-01 00:00:00.000 UTC,NFT Marketplace,134023872.54073827,3032370.5073748166,48.914150242365714,1014.6418520000319,0.13402387254073828,3.0323705073748166,0
2021-04-01 00:00:00.000 UTC,NFT Marketplace,89163892.2602956,1639963.4094520092,48.914150242365714,1014.6418520000319,0.0891638922602956,1.6399634094520092,0
2021-03-01 00:00:00.000 UTC,NFT Marketplace,136085706.1576487,3292494.576049852,48.914150242365714,1014.6418520000319,0.45962423916254613,5.4480573810753725,0
2021-02-01 00:00:00.000 UTC,NFT Marketplace,323538533.0048974,2155562.8050255207,48.914150242365714,1014.6418520000319,0.32353853300489743,2.1555628050255207,0
2021-01-01 00:00:00.000 UTC,NFT Marketplace,7625262.130156018,155194.8515896507,48.914150242365714,1014.6418520000319,0.007625262130156018,0.1551948515896507,0
2020-12-01 00:00:00.000 UTC,NFT Marketplace,3149963.4890242913,71772.56847708688,48.914150242365714,1014.6418520000319,0.003149963489024291,0.07177256847708688,0
2020-11-01 00:00:00.000 UTC,NFT Marketplace,4138051.9251411683,93488.01513570287,48.914150242365714,1014.6418520000319,0.004138051925141168,0.09348801513570286,0
2020-10-01 00:00:00.000 UTC,NFT Marketplace,4176613.6251240377,96829.1205047487,48.914150242365714,1014.6418520000319,0.004176613625124038,0.0968291205047487,0
2020-09-01 00:00:00.000 UTC,NFT Marketplace,2461079.1553708664,55320.97472690352,48.914150242365714,1014.6418520000319,0.0024610791553708665,0.05532097472690352,0
2020-08-01 00:00:00.000 UTC,NFT Marketplace,748153.3917001197,12875.36085425291,48.914150242365714,1014.6418520000319,0.0007481533917001197,0.012875360854252909,0
2020-07-01 00:00:00.000 UTC,NFT Marketplace,789455.7086568954,12275.690077811027,48.914150242365714,1014.6418520000319,0.0007894557086568954,0.012275690077811027,0
2020-06-01 00:00:00.000 UTC,NFT Marketplace,561047.9344003098,10820.317088582686,48.914150242365714,1014.6418520000319,0.0005610479344003098,0.010820317088582686,0
2020-05-01 00:00:00.000 UTC,NFT Marketplace,811123.2000460705,14913.664378413674,48.914150242365714,1014.6418520000319,0.0008111232000460705,0.014913664378413674,0
2020-04-01 00:00:00.000 UTC,NFT Marketplace,765331.4369296929,13828.196995819811,48.914150242365714,1014.6418520000319,0.0007653314369296929,0.013828196995819811,0
2020-03-01 00:00:00.000 UTC,NFT Marketplace,661470.8451804577,12254.879991390972,48.914150242365714,1014.6418520000319,0.0015221889817329725,0.02746588972823435,0
2020-02-01 00:00:00.000 UTC,NFT Marketplace,860718.1365525146,15211.009736843384,48.914150242365714,1014.6418520000319,0.0008607181365525146,0.015211009736843384,0
2020-01-01 00:00:00.000 UTC,NFT Marketplace,680766.9823818256,10812.899784306015,48.914150242365714,1014.6418520000319,0.0006807669823818256,0.010812899784306015,0
2019-12-01 00:00:00.000 UTC,NFT Marketplace,681542.481218628,11545.43775119538,48.914150242365714,1014.6418520000319,0.000681542481218628,0.01154543775119538,0
2019-11-01 00:00:00.000 UTC,NFT Marketplace,731630.9578595747,7884.591740859769,48.914150242365714,1014.6418520000319,0.0007316309578595747,0.00788459174085977,0
2019-10-01 00:00:00.000 UTC,NFT Marketplace,1718406.0902191119,12393.629711907537,48.914150242365714,1014.6418520000319,0.001718406090219112,0.012393629711907538,0
2019-09-01 00:00:00.000 UTC,NFT Marketplace,480204.0701388184,4177.029194697618,48.914150242365714,1014.6418520000319,0.0004802040701388184,0.004177029194697618,0
2019-08-01 00:00:00.000 UTC,NFT Marketplace,389133.27939297585,3756.458701258426,48.914150242365714,1014.6418520000319,0.0003891332793929758,0.003756458701258426,0
2019-07-01 00:00:00.000 UTC,NFT Marketplace,389062.0391858701,5198.901250726125,48.914150242365714,1014.6418520000319,0.00038906203918587007,0.005198901250726125,0
2019-06-01 00:00:00.000 UTC,NFT Marketplace,345522.7088646447,5300.668694435755,48.914150242365714,1014.6418520000319,0.0003455227088646447,0.005300668694435755,0
2019-05-01 00:00:00.000 UTC,NFT Marketplace,600365.8846252954,10174.317346191334,48.914150242365714,1014.6418520000319,0.0006003658846252954,0.010174317346191335,0
2019-04-01 00:00:00.000 UTC,NFT Marketplace,587552.7375681497,10393.58783842731,48.914150242365714,1014.6418520000319,0.0005875527375681497,0.01039358783842731,0
2019-03-01 00:00:00.000 UTC,NFT Marketplace,499754.08964480547,8378.394635973877,48.914150242365714,1014.6418520000319,0.0007894586015274185,0.013594280418107431,0
2019-02-01 00:00:00.000 UTC,NFT Marketplace,289704.51188261295,5215.885782133554,48.914150242365714,1014.6418520000319,0.00028970451188261296,0.005215885782133554,0
2019-01-01 00:00:00.000 UTC,NFT Marketplace,258563.05457887272,5671.45573335186,48.914150242365714,1014.6418520000319,0.00025856305457887274,0.00567145573335186,0
2018-12-01 00:00:00.000 UTC,NFT Marketplace,79334.31202323685,1948.3753339939537,48.914150242365714,1014.6418520000319,0.00007933431202323685,0.0019483753339939538,0
2018-11-01 00:00:00.000 UTC,NFT Marketplace,53767.565207198415,1340.6010179014531,48.914150242365714,1014.6418520000319,0.000053767565207198415,0.0013406010179014532,0
2018-10-01 00:00:00.000 UTC,NFT Marketplace,33512.5277986925,823.5191582173095,48.914150242365714,1014.6418520000319,0.0000335125277986925,0.0008235191582173095,0
2018-09-01 00:00:00.000 UTC,NFT Marketplace,25367.55788806492,623.9476579141532,48.914150242365714,1014.6418520000319,0.00002536755788806492,0.0006239476579141532,0
2018-08-01 00:00:00.000 UTC,NFT Marketplace,3010.893107085336,47.01133025847101,48.914150242365714,1014.6418520000319,0.000003010893107085336,0.00004701133025847101,0
2018-07-01 00:00:00.000 UTC,NFT Marketplace,10.700569999999999,0,48.914150242365714,1014.6418520000319,1.070057e-8,0,0
