ts,price
2026-05-01 01:29,190.0
2026-05-01 01:59,190.0
2026-05-01 02:24,180.0
2026-05-01 02:54,190.0
2026-05-01 03:49,190.0
2026-05-01 04:04,178.57
2026-05-01 04:14,190.0
2026-05-01 05:49,190.0
2026-05-01 06:19,195.0
2026-05-01 06:54,195.0
2026-05-01 07:24,211.0
2026-05-01 08:44,211.0
2026-05-01 08:59,194.0
2026-05-01 09:09,210.99
2026-05-01 09:29,211.0
2026-05-01 09:59,218.74
2026-05-01 10:14,218.74
2026-05-01 10:39,273.3
2026-05-01 10:44,272.7
2026-05-01 11:19,273.43
2026-05-01 11:34,273.42
2026-05-01 11:39,302.4
2026-05-01 11:54,251.93
2026-05-01 12:04,255.0
2026-05-01 12:09,240.0
2026-05-01 12:29,249.28
2026-05-01 12:34,247.5
2026-05-01 12:39,252.07
2026-05-01 12:44,260.5
2026-05-01 12:49,244.0
2026-05-01 12:54,248.16
2026-05-01 13:09,252.01
2026-05-01 13:19,237.0
2026-05-01 13:49,250.73
2026-05-01 13:54,246.6
2026-05-01 14:04,258.4
2026-05-01 14:09,258.0
2026-05-01 14:29,265.45
2026-05-01 14:34,260.33
2026-05-01 14:39,261.84
2026-05-01 14:49,258.51
2026-05-01 14:54,259.3
2026-05-01 14:59,259.78
2026-05-01 15:34,273.8
2026-05-01 16:09,278.02
2026-05-01 16:14,277.48
2026-05-01 16:24,267.18
2026-05-01 16:29,247.23
2026-05-01 16:49,257.4
2026-05-01 17:29,240.75
2026-05-01 17:09,258.2
2026-05-01 17:54,244.99
2026-05-01 17:59,245.44
2026-05-01 18:29,257.28
2026-05-01 18:34,252.1
2026-05-01 18:54,256.0
2026-05-01 19:14,255.9
2026-05-01 19:34,243.2
2026-05-01 19:44,246.73
2026-05-01 19:49,248.34
2026-05-01 19:54,241.92
2026-05-01 19:59,240.66
2026-05-01 20:04,243.84
2026-05-01 20:29,265.67
2026-05-01 20:39,259.08
2026-05-01 20:54,252.21
2026-05-01 21:04,255.21
2026-05-01 21:19,256.22
2026-05-01 21:24,258.59
2026-05-01 21:39,253.71
2026-05-01 21:44,255.79
2026-05-01 21:49,250.71
2026-05-01 21:54,252.31
2026-05-01 22:09,248.25
2026-05-01 22:14,249.21
2026-05-01 22:39,255.9
2026-05-01 22:44,254.37
2026-05-01 23:09,258.04
2026-05-01 23:14,256.2
2026-05-01 23:19,256.0
2026-05-01 23:34,255.0
2026-05-01 23:49,259.54
2026-05-01 23:54,259.54
2026-05-01 23:59,256.54
2026-05-02 00:04,264.6
2026-05-02 00:09,267.28
2026-05-02 00:14,263.5
2026-05-02 00:19,257.01
2026-05-02 00:39,259.8
2026-05-02 00:44,260.86
2026-05-02 00:54,258.01
2026-05-02 01:19,258.01
2026-05-02 01:24,270.9
2026-05-02 01:34,257.4
2026-05-02 01:44,262.0
2026-05-02 01:59,269.46
2026-05-02 02:14,267.63
2026-05-02 02:29,264.9
2026-05-02 02:39,271.2
2026-05-02 03:14,255.76
2026-05-02 03:44,262.3
2026-05-02 03:49,258.64
2026-05-02 04:04,264.25
2026-05-02 04:09,267.49
2026-05-02 04:19,261.44
2026-05-02 04:29,253.96
2026-05-02 04:44,256.93
2026-05-02 04:59,263.57
2026-05-02 05:19,262.95
2026-05-02 05:24,261.5
2026-05-02 05:29,262.96
2026-05-02 05:44,272.0
2026-05-02 05:59,269.9
2026-05-02 06:19,271.8
2026-05-02 06:24,267.51
2026-05-02 06:29,278.0
2026-05-02 06:54,285.71
2026-05-02 07:04,283.76
2026-05-02 07:24,287.0
2026-05-02 07:29,284.0
2026-05-02 07:39,282.51
2026-05-02 08:14,293.35
2026-05-02 08:19,291.6
2026-05-02 08:29,293.54
2026-05-02 08:34,297.11
2026-05-02 08:44,296.88
2026-05-02 09:04,275.4
2026-05-02 09:14,275.57
2026-05-02 09:34,275.57
2026-05-02 10:04,277.56
2026-05-02 10:09,278.32
2026-05-02 10:14,276.81
2026-05-02 10:19,295.3
2026-05-02 10:39,286.37
2026-05-02 10:44,279.0
2026-05-02 11:04,284.8
2026-05-02 11:09,282.7
2026-05-02 11:14,285.6
2026-05-02 11:29,284.7
2026-05-02 11:54,286.37
2026-05-02 12:14,282.3
2026-05-02 12:19,283.6
2026-05-02 12:39,277.61
2026-05-02 12:44,283.71
2026-05-02 12:49,284.8
2026-05-02 12:54,284.7
2026-05-02 12:59,281.2
2026-05-02 13:09,285.0
2026-05-02 13:14,285.0
2026-05-02 13:44,292.0
2026-05-02 14:29,282.06
2026-05-02 14:44,286.11
2026-05-02 14:54,282.6
2026-05-02 14:59,272.95
2026-05-02 15:14,285.0
2026-05-02 15:19,285.77
2026-05-02 15:24,283.99
2026-05-02 15:54,295.6
2026-05-02 15:59,296.0
2026-05-02 16:14,300.0
2026-05-02 16:24,298.0
2026-05-02 16:54,299.5
2026-05-02 16:59,296.61
2026-05-02 17:09,300.01
2026-05-02 17:14,299.71
2026-05-02 17:19,300.24
2026-05-02 17:24,285.6
2026-05-02 17:44,297.32
2026-05-02 17:54,302.09
2026-05-02 18:09,300.23
2026-05-02 18:34,289.0
2026-05-02 18:44,289.14
2026-05-02 19:34,295.2
2026-05-02 19:54,290.21
2026-05-02 20:04,291.8
2026-05-02 20:19,294.3
2026-05-02 20:34,294.0
2026-05-02 21:04,308.9
2026-05-02 21:14,304.81
2026-05-02 21:24,309.6
2026-05-02 21:29,305.6
2026-05-02 21:44,309.8
2026-05-02 21:54,306.2
2026-05-02 21:59,308.1
2026-05-02 22:09,304.79
2026-05-02 22:14,304.94
2026-05-02 22:19,304.95
2026-05-02 22:44,288.08
2026-05-02 22:54,291.58
2026-05-02 23:34,315.85
2026-05-02 23:54,313.99
2026-05-03 00:14,315.5
2026-05-03 00:34,306.6
2026-05-03 00:39,309.54
2026-05-03 00:49,304.8
2026-05-03 00:54,304.94
2026-05-03 01:04,304.48
2026-05-03 01:09,305.11
2026-05-03 01:34,306.61
2026-05-03 01:54,303.0
2026-05-03 01:59,304.01
2026-05-03 02:29,312.11
2026-05-03 02:39,311.39
2026-05-03 02:59,313.99
2026-05-03 03:04,311.66
2026-05-03 03:14,319.9
2026-05-03 03:29,313.75
2026-05-03 03:34,312.5
2026-05-03 03:39,314.96
2026-05-03 03:44,314.3
2026-05-03 04:09,316.63
2026-05-03 04:29,300.99
2026-05-03 04:54,304.78
2026-05-03 05:04,304.0
2026-05-03 05:09,306.0
2026-05-03 05:14,297.01
2026-05-03 05:34,306.95
2026-05-03 05:54,315.7
2026-05-03 05:59,312.49
2026-05-03 06:19,302.38
2026-05-03 06:14,313.56
2026-05-03 06:24,303.74
2026-05-03 06:29,309.84
2026-05-03 06:34,303.33
2026-05-03 07:04,279.5
2026-05-03 07:14,277.06
2026-05-03 07:29,279.0
2026-05-03 07:49,289.99
2026-05-03 07:44,278.22
2026-05-03 08:09,285.86
2026-05-03 08:14,286.96
2026-05-03 08:24,285.0
2026-05-03 08:29,285.5
2026-05-03 08:34,278.94
2026-05-03 08:54,281.9
2026-05-03 09:14,281.99
2026-05-03 09:19,286.7
2026-05-03 09:39,285.98
2026-05-03 09:49,284.0
2026-05-03 10:04,285.26
2026-05-03 10:29,287.16
2026-05-03 10:34,286.69
2026-05-03 10:49,287.95
2026-05-03 11:19,293.66
2026-05-03 11:39,293.21
2026-05-03 11:44,295.0
2026-05-03 11:54,290.13
2026-05-03 12:04,294.16
2026-05-03 12:24,290.25
2026-05-03 12:14,294.29
2026-05-03 12:29,293.92
2026-05-03 12:44,295.0
2026-05-03 12:54,293.73
2026-05-03 13:04,294.0
2026-05-03 13:09,283.37
2026-05-03 13:29,285.5
2026-05-03 13:59,284.96
2026-05-03 14:34,281.28
2026-05-03 15:04,285.0
2026-05-03 15:19,285.0
2026-05-03 15:39,288.97
2026-05-03 15:49,288.68
2026-05-03 15:59,288.98
2026-05-03 16:24,292.45
2026-05-03 16:09,288.66
2026-05-03 16:29,292.24
2026-05-03 16:49,292.11
2026-05-03 17:14,284.6
2026-05-03 17:34,286.0
2026-05-03 17:39,286.39
2026-05-03 17:49,282.82
2026-05-03 18:04,290.99
2026-05-03 18:14,285.99
2026-05-03 18:29,287.37
2026-05-03 18:54,290.11
2026-05-03 18:59,289.78
2026-05-03 19:14,285.7
2026-05-03 19:29,287.02
2026-05-03 19:34,289.0
2026-05-03 19:44,285.86
2026-05-03 19:54,286.81
2026-05-03 20:14,285.57
2026-05-03 21:04,281.07
2026-05-03 21:34,281.0
2026-05-03 21:44,275.77
2026-05-03 21:59,280.0
2026-05-03 22:09,278.19
2026-05-03 22:19,282.01
2026-05-03 22:49,288.89
2026-05-03 22:59,288.99
2026-05-03 23:19,285.01
2026-05-03 23:29,281.07
2026-05-03 23:44,284.6
2026-05-03 23:59,283.41
2026-05-04 00:34,275.1
2026-05-04 00:49,274.01
2026-05-04 01:09,291.61
2026-05-04 01:19,289.84
2026-05-04 01:24,291.59
2026-05-04 01:29,284.4
2026-05-04 01:34,286.75
2026-05-04 01:44,291.6
2026-05-04 02:39,298.0
2026-05-04 02:44,297.36
2026-05-04 02:49,297.78
2026-05-04 02:54,291.23
2026-05-04 03:09,300.07
2026-05-04 03:14,300.21
2026-05-04 03:24,303.0
2026-05-04 03:49,278.3
2026-05-04 03:59,297.82
2026-05-04 04:14,285.87
2026-05-04 04:29,282.32
2026-05-04 04:34,283.5
2026-05-04 04:39,289.16
2026-05-04 04:49,282.6
2026-05-04 04:59,283.72
2026-05-04 05:04,284.4
2026-05-04 05:09,282.1
2026-05-04 05:14,283.0
2026-05-04 05:19,281.01
2026-05-04 05:44,281.18
2026-05-04 06:04,280.1
2026-05-04 05:59,283.2
2026-05-04 06:09,280.3
2026-05-04 06:39,280.46
2026-05-04 07:59,280.8
2026-05-04 08:19,283.2
2026-05-04 08:24,280.8
2026-05-04 08:59,280.4
2026-05-04 09:29,281.5
2026-05-04 09:54,280.41
2026-05-04 10:04,280.23
2026-05-04 10:24,282.4
2026-05-04 10:54,280.23
2026-05-04 11:04,280.0
2026-05-04 11:24,281.01
2026-05-04 12:24,281.08
2026-05-04 12:29,278.0
2026-05-04 12:39,284.01
2026-05-04 12:44,283.83
2026-05-04 13:09,284.33
2026-05-04 13:24,287.41
2026-05-04 13:39,287.1
2026-05-04 13:44,282.15
2026-05-04 14:04,283.08
2026-05-04 14:19,284.17
2026-05-04 14:44,284.99
2026-05-04 15:49,257.2
2026-05-04 16:04,262.6
2026-05-04 16:09,262.34
2026-05-04 17:19,205.7
2026-05-04 17:54,212.0
2026-05-04 18:19,221.89
2026-05-04 18:29,219.79
2026-05-04 18:59,215.44
2026-05-04 19:19,213.75
2026-05-04 19:29,219.53
2026-05-04 19:49,219.99
2026-05-04 19:54,221.5
2026-05-04 20:09,218.3
2026-05-04 20:14,221.26
2026-05-04 20:44,214.87
2026-05-04 20:49,215.7
2026-05-04 21:19,218.39
2026-05-04 21:29,216.59
2026-05-04 21:44,218.4
2026-05-04 21:49,218.43
2026-05-04 22:14,205.08
2026-05-04 22:19,205.39
2026-05-04 22:24,203.2
2026-05-04 22:39,203.67
2026-05-04 22:44,207.19
2026-05-04 22:59,202.67
2026-05-04 23:04,200.01
2026-05-04 23:09,203.95
2026-05-04 23:14,203.94
2026-05-04 23:29,210.59
2026-05-04 23:39,203.55
2026-05-05 00:39,224.93
2026-05-05 00:44,224.7
2026-05-05 00:54,225.5
2026-05-05 01:14,221.05
2026-05-05 01:24,225.99
2026-05-05 01:29,225.96
2026-05-05 01:44,211.99
2026-05-05 01:59,213.93
2026-05-05 02:19,218.41
2026-05-05 02:24,214.65
2026-05-05 02:29,214.53
2026-05-05 02:39,218.29
2026-05-05 02:44,213.96
2026-05-05 02:49,213.97
2026-05-05 02:59,210.84
2026-05-05 03:04,214.37
2026-05-05 03:09,214.37
2026-05-05 03:14,215.0
2026-05-05 03:19,214.38
2026-05-05 03:44,203.6
2026-05-05 03:49,203.8
2026-05-05 04:04,211.05
2026-05-05 04:14,206.48
2026-05-05 04:34,207.51
2026-05-05 04:44,207.19
2026-05-05 04:59,210.82
2026-05-05 05:24,256.05
2026-05-05 05:29,256.0
2026-05-05 05:59,255.0
2026-05-05 06:04,253.68
2026-05-05 06:19,255.88
2026-05-05 06:29,255.14
2026-05-05 06:39,256.05
2026-05-05 06:44,258.85
2026-05-05 06:49,282.0
2026-05-05 07:09,274.59
2026-05-05 07:24,275.87
2026-05-05 07:49,219.26
2026-05-05 08:14,228.18
2026-05-05 08:49,235.15
2026-05-05 08:54,235.45
2026-05-05 08:59,234.9
2026-05-05 09:04,224.06
2026-05-05 09:19,246.8
2026-05-05 10:09,218.7
2026-05-05 10:49,239.59
2026-05-05 10:59,235.9
2026-05-05 11:14,237.55
2026-05-05 11:19,237.54
2026-05-05 11:29,233.66
2026-05-05 11:44,237.1
2026-05-05 11:59,237.37
2026-05-05 12:04,232.5
2026-05-05 12:24,237.55
2026-05-05 12:29,239.85
2026-05-05 12:49,237.82
2026-05-05 12:54,238.0
2026-05-05 13:19,225.4
2026-05-05 13:29,226.0
2026-05-05 13:34,226.0
2026-05-05 14:04,229.75
2026-05-05 14:29,229.1
2026-05-05 15:34,241.54
2026-05-05 16:19,226.27
2026-05-05 16:24,227.0
2026-05-05 16:49,222.6
2026-05-05 16:54,225.0
2026-05-05 17:29,229.4
2026-05-05 18:14,229.22
2026-05-05 18:24,229.35
2026-05-05 18:29,228.2
2026-05-05 18:34,228.2
2026-05-05 18:44,226.82
2026-05-05 18:59,227.22
2026-05-05 19:19,228.87
2026-05-05 19:24,227.7
2026-05-05 19:39,228.86
2026-05-05 20:14,229.4
2026-05-05 20:34,226.71
2026-05-05 20:44,228.21
2026-05-05 20:49,229.4
2026-05-05 20:54,227.78
2026-05-05 21:04,227.78
2026-05-05 21:49,227.62
2026-05-05 22:19,229.69
2026-05-05 23:59,229.69
2026-05-06 00:29,225.14
2026-05-06 00:39,229.07
2026-05-06 00:54,228.54
2026-05-06 01:09,225.67
2026-05-06 01:14,227.41
2026-05-06 01:34,239.65
2026-05-06 01:49,233.62
2026-05-06 02:09,234.2
2026-05-06 02:14,233.61
2026-05-06 02:39,234.09
2026-05-06 03:14,237.07
2026-05-06 03:19,236.74
2026-05-06 03:29,234.98
2026-05-06 03:34,237.5
2026-05-06 03:39,237.51
2026-05-06 03:54,238.12
2026-05-06 04:24,266.0
2026-05-06 04:29,257.4
2026-05-06 04:39,257.61
2026-05-06 05:04,247.98
2026-05-06 05:09,252.3
2026-05-06 05:29,251.37
2026-05-06 05:59,250.49
2026-05-06 06:19,254.77
2026-05-06 06:24,249.79
2026-05-06 06:34,262.55
2026-05-06 06:44,252.9
2026-05-06 07:14,259.88
2026-05-06 07:24,260.61
2026-05-06 07:39,255.31
2026-05-06 07:54,256.95
2026-05-06 08:59,256.35
2026-05-06 09:44,247.49
2026-05-06 10:09,240.0
2026-05-06 10:54,248.47
2026-05-06 11:34,249.09
2026-05-06 11:39,249.98
2026-05-06 11:49,248.76
2026-05-06 11:59,248.99
2026-05-06 12:39,248.01
2026-05-06 12:59,248.01
2026-05-06 13:29,249.84
2026-05-06 13:44,250.62
2026-05-06 13:59,255.0
2026-05-06 14:09,257.5
2026-05-06 14:14,245.96
2026-05-06 14:34,247.51
2026-05-06 14:39,247.48
2026-05-06 15:19,257.99
2026-05-06 15:34,256.97
2026-05-06 15:49,256.9
2026-05-06 15:59,252.24
2026-05-06 16:09,257.8
2026-05-06 16:19,257.8
2026-05-06 16:39,251.2
2026-05-06 16:49,251.23
2026-05-06 17:19,254.41
2026-05-06 17:49,251.13
2026-05-06 17:59,251.13
2026-05-06 18:04,255.0
2026-05-06 18:19,247.48
2026-05-06 18:24,247.48
2026-05-06 18:54,236.7
2026-05-06 18:59,241.11
2026-05-06 19:04,245.0
2026-05-06 19:19,244.4
2026-05-06 19:29,239.45
2026-05-06 19:44,243.9
2026-05-06 19:49,243.9
2026-05-06 19:59,236.36
2026-05-06 20:09,246.0
2026-05-06 20:19,243.94
2026-05-06 20:24,246.4
2026-05-06 20:39,256.19
2026-05-06 20:54,252.8
2026-05-06 21:09,247.5
2026-05-06 21:29,249.8
2026-05-06 21:34,254.99
2026-05-06 21:44,247.5
2026-05-06 21:54,252.5
2026-05-06 22:04,246.03
2026-05-06 22:24,250.0
2026-05-06 22:54,257.0
2026-05-06 23:04,252.54
2026-05-06 23:14,258.99
2026-05-06 23:29,258.99
2026-05-06 23:54,253.7
2026-05-07 00:14,258.97
2026-05-07 00:19,255.0
2026-05-07 00:39,252.5
2026-05-07 00:44,254.99
2026-05-07 00:49,254.99
2026-05-07 00:54,259.8
2026-05-07 01:14,255.01
2026-05-07 01:19,255.0
2026-05-07 01:29,260.0
2026-05-07 01:49,259.88
2026-05-07 01:59,259.88
2026-05-07 02:04,256.19
2026-05-07 02:14,259.98
2026-05-07 02:24,259.98
2026-05-07 04:14,259.28
2026-05-07 04:44,258.55
2026-05-07 04:59,259.68
2026-05-07 05:19,258.99
2026-05-07 05:29,262.0
2026-05-07 05:34,257.5
2026-05-07 05:39,263.36
2026-05-07 05:44,263.36
2026-05-07 05:49,268.21
2026-05-07 05:59,259.84
2026-05-07 06:09,264.59
2026-05-07 06:19,263.61
2026-05-07 06:54,269.99
2026-05-07 06:59,270.0
2026-05-07 07:39,259.04
2026-05-07 07:59,262.5
2026-05-07 08:04,260.08
2026-05-07 08:34,259.37
2026-05-07 08:44,259.37
2026-05-07 08:54,257.91
2026-05-07 09:09,259.1
2026-05-07 11:29,258.0
2026-05-07 11:54,254.22
2026-05-07 12:14,257.26
2026-05-07 12:19,254.86
2026-05-07 12:24,254.86
2026-05-07 13:04,265.19
2026-05-07 13:39,262.92
2026-05-07 13:44,264.91
2026-05-07 13:49,261.45
2026-05-07 13:59,261.65
2026-05-07 14:19,261.97
2026-05-07 14:29,263.94
2026-05-07 14:39,262.92
2026-05-07 15:09,260.61
2026-05-07 15:19,264.92
2026-05-07 15:34,261.41
2026-05-07 15:39,262.5
2026-05-07 15:49,260.7
2026-05-07 15:54,260.7
2026-05-07 16:34,242.78
2026-05-07 17:04,247.25
2026-05-07 17:19,247.25
2026-05-07 18:04,237.01
2026-05-07 18:14,237.2
2026-05-07 18:44,240.95
2026-05-07 18:59,240.6
2026-05-07 19:19,237.03
2026-05-07 19:29,239.17
2026-05-07 19:39,239.17
2026-05-07 20:19,227.0
2026-05-07 20:24,229.99
2026-05-07 20:29,230.0
2026-05-07 20:34,227.57
2026-05-07 20:54,229.99
2026-05-07 20:59,230.4
2026-05-07 21:34,240.25
2026-05-07 21:39,240.25
2026-05-07 22:14,234.99
2026-05-07 22:49,240.91
2026-05-07 22:54,235.76
2026-05-07 23:14,239.99
2026-05-07 23:29,247.53
2026-05-07 23:49,246.0
2026-05-08 00:09,245.01
2026-05-08 00:39,241.78
2026-05-08 00:49,240.9
2026-05-08 01:04,239.4
2026-05-08 01:19,240.53
2026-05-08 01:54,249.9
2026-05-08 01:59,249.01
2026-05-08 02:29,249.9
2026-05-08 02:44,249.9
2026-05-08 02:54,248.39
2026-05-08 03:09,249.15
2026-05-08 03:19,249.14
2026-05-08 03:24,246.41
2026-05-08 03:45,248.0
2026-05-08 03:55,248.96
2026-05-08 04:25,242.2
2026-05-08 05:00,242.73
2026-05-08 05:15,237.52
2026-05-08 05:20,241.41
2026-05-08 05:50,243.33
2026-05-08 06:25,243.53
2026-05-08 06:45,237.19
2026-05-08 06:55,238.33
2026-05-08 07:05,237.0
2026-05-08 07:35,244.42
2026-05-08 07:45,245.27
2026-05-08 08:00,258.01
2026-05-08 08:15,255.48
2026-05-08 08:25,259.47
2026-05-08 08:30,252.5
2026-05-08 08:35,252.5
2026-05-08 08:45,252.6
2026-05-08 08:55,250.95
2026-05-08 09:25,257.0
2026-05-08 09:45,256.31
2026-05-08 10:10,264.68
2026-05-08 10:20,263.0
2026-05-08 11:10,263.0
2026-05-08 11:40,254.43
2026-05-08 12:10,256.99
2026-05-08 12:15,256.0
2026-05-08 12:30,257.9
2026-05-08 12:40,257.9
2026-05-08 12:45,249.93
2026-05-08 12:55,262.5
2026-05-08 13:00,258.6
2026-05-08 13:25,259.14
2026-05-08 13:35,259.56
2026-05-08 13:55,257.02
2026-05-08 14:00,259.36
2026-05-08 14:20,257.03
2026-05-08 14:45,258.4
2026-05-08 15:15,263.99
2026-05-08 15:20,260.65
2026-05-08 15:35,266.57
2026-05-08 15:50,266.57
2026-05-08 15:55,262.0
2026-05-08 16:10,264.23
2026-05-08 16:20,267.9
2026-05-08 16:30,263.0
2026-05-08 16:45,246.8
2026-05-08 17:15,248.4
2026-05-08 17:25,249.15
2026-05-08 17:35,248.31
2026-05-08 18:00,252.74
2026-05-08 18:05,251.67
2026-05-08 18:15,252.93
2026-05-08 18:25,252.78
2026-05-08 19:00,274.09
2026-05-08 19:25,248.24
2026-05-08 19:30,256.36
2026-05-08 20:00,247.49
2026-05-08 20:55,269.19
2026-05-08 21:05,267.5
2026-05-08 21:15,270.01
2026-05-08 21:25,262.5
2026-05-08 21:55,287.6
2026-05-08 22:00,285.4
2026-05-08 22:15,285.6
2026-05-08 22:25,279.62
2026-05-08 22:30,289.96
2026-05-08 22:55,289.72
2026-05-08 23:00,278.09
2026-05-08 23:20,284.99
2026-05-08 23:30,288.19
2026-05-08 23:45,285.0
2026-05-09 00:00,284.99
2026-05-09 00:05,279.02
2026-05-09 00:30,279.69
2026-05-09 01:00,287.0
2026-05-09 01:05,279.99
2026-05-09 01:25,284.0
2026-05-09 01:35,284.0
2026-05-09 01:55,296.22
2026-05-09 02:05,295.0
2026-05-09 02:40,291.96
2026-05-09 02:50,294.97
2026-05-09 03:05,292.69
2026-05-09 03:20,293.99
2026-05-09 03:25,289.5
2026-05-09 03:45,294.11
2026-05-09 04:20,287.0
2026-05-09 04:25,287.01
2026-05-09 04:45,281.05
2026-05-09 04:55,281.12
2026-05-09 05:10,281.0
2026-05-09 05:35,289.48
2026-05-09 05:50,288.8
2026-05-09 06:10,284.02
2026-05-09 06:20,284.48
2026-05-09 06:45,282.51
2026-05-09 06:50,282.77
2026-05-09 07:10,282.51
2026-05-09 07:15,284.75
2026-05-09 07:20,282.6
2026-05-09 07:35,283.6
2026-05-09 07:55,289.99
2026-05-09 08:05,289.0
2026-05-09 08:20,290.0
2026-05-09 08:25,295.0
2026-05-09 08:45,294.0
2026-05-09 09:20,278.22
2026-05-09 09:30,281.0
2026-05-09 10:25,281.0
2026-05-09 10:30,278.21
2026-05-09 10:50,281.0
2026-05-09 12:10,281.82
2026-05-09 12:50,287.88
2026-05-09 13:10,281.1
2026-05-09 13:15,286.06
2026-05-09 13:50,287.33
2026-05-09 14:15,282.01
2026-05-09 14:20,283.94
2026-05-09 14:40,282.01
2026-05-09 15:15,283.22
2026-05-09 15:50,289.6
2026-05-09 16:05,287.66
2026-05-09 16:15,289.6
2026-05-09 16:20,291.59
2026-05-09 16:25,286.51
2026-05-09 16:35,279.4
2026-05-09 16:55,281.38
2026-05-09 17:00,281.38
2026-05-09 17:10,283.65
2026-05-09 17:15,281.27
2026-05-09 17:25,281.27
2026-05-09 17:35,281.28
2026-05-09 17:45,278.41
2026-05-09 17:50,286.95
2026-05-09 18:00,278.4
2026-05-09 18:15,279.02
2026-05-09 18:40,287.01
2026-05-09 18:50,282.01
2026-05-09 19:25,283.05
2026-05-09 19:45,284.38
2026-05-09 20:10,281.63
2026-05-09 20:25,288.0
2026-05-09 20:30,285.47
2026-05-09 20:50,274.0
2026-05-09 21:00,277.02
2026-05-09 21:15,276.01
2026-05-09 21:35,278.47
2026-05-09 21:45,278.0
2026-05-09 22:00,278.5
2026-05-09 22:10,281.26
2026-05-09 22:30,281.01
2026-05-09 22:45,281.18
2026-05-09 22:55,281.48
2026-05-09 23:15,278.3
2026-05-09 23:20,278.3
2026-05-09 23:35,289.75
2026-05-09 23:50,288.25
2026-05-10 00:20,289.0
2026-05-10 01:05,288.69
2026-05-10 01:50,280.0
2026-05-10 01:55,283.95
2026-05-10 02:15,283.0
2026-05-10 02:40,283.0
2026-05-10 02:45,277.47
2026-05-10 03:00,289.12
2026-05-10 03:05,286.59
2026-05-10 03:15,290.8
2026-05-10 04:00,302.5
2026-05-10 04:20,303.0
2026-05-10 04:25,300.91
2026-05-10 04:30,306.95
2026-05-10 04:35,305.41
2026-05-10 05:00,309.28
2026-05-10 05:05,308.91
2026-05-10 05:35,308.91
2026-05-10 05:55,308.05
2026-05-10 06:25,314.67
2026-05-10 06:40,306.0
2026-05-10 06:55,308.6
2026-05-10 07:00,309.75
2026-05-10 07:05,308.97
2026-05-10 07:10,301.78
2026-05-10 07:30,304.75
2026-05-10 07:35,307.69
2026-05-10 07:45,307.58
2026-05-10 07:50,296.39
2026-05-10 08:10,305.0
2026-05-10 08:45,303.9
2026-05-10 08:55,302.77
2026-05-10 09:00,304.89
2026-05-10 09:05,305.98
2026-05-10 09:15,305.11
2026-05-10 09:50,287.43
2026-05-10 10:10,296.68
2026-05-10 10:35,296.1
2026-05-10 11:00,280.6
2026-05-10 11:10,292.5
2026-05-10 11:55,299.0
2026-05-10 12:00,296.1
2026-05-10 12:20,298.49
2026-05-10 12:25,306.4
2026-05-10 12:40,291.89
2026-05-10 13:05,283.15
2026-05-10 13:20,286.18
2026-05-10 13:45,295.54
2026-05-10 14:05,290.47
2026-05-10 14:10,290.49
2026-05-10 14:35,295.1
2026-05-10 15:05,285.67
2026-05-10 15:25,293.13
2026-05-10 15:35,290.44
2026-05-10 15:50,294.2
2026-05-10 15:55,293.6
2026-05-10 16:00,288.7
2026-05-10 16:20,289.91
2026-05-10 16:45,294.23
2026-05-10 16:50,293.93
2026-05-10 17:00,292.7
2026-05-10 17:30,291.08
2026-05-10 17:40,292.18
2026-05-10 17:45,288.98
2026-05-10 18:20,289.07
2026-05-10 18:30,291.9
2026-05-10 18:40,291.54
2026-05-10 19:05,288.03
2026-05-10 19:25,290.31
2026-05-10 19:20,284.81
2026-05-10 19:35,289.72
2026-05-10 19:55,288.08
2026-05-10 20:00,289.33
2026-05-10 20:30,285.0
2026-05-10 20:35,285.9
2026-05-10 20:45,283.11
2026-05-10 20:55,285.03
2026-05-10 21:20,286.31
2026-05-10 21:30,283.0
2026-05-10 21:50,283.23
2026-05-10 21:55,286.13
2026-05-10 22:20,285.9
2026-05-10 22:25,285.9
2026-05-10 23:05,298.7
2026-05-10 23:10,297.59
2026-05-10 23:20,303.4
2026-05-10 23:35,297.34
2026-05-10 23:45,297.39
2026-05-11 00:00,304.9
2026-05-10 23:55,296.65
2026-05-11 00:15,299.4
2026-05-11 00:25,300.42
2026-05-11 00:30,300.09
2026-05-11 01:00,286.72
2026-05-11 01:05,287.56
2026-05-11 01:25,298.85
2026-05-11 01:35,298.58
2026-05-11 02:10,303.75
2026-05-11 02:15,303.68
2026-05-11 02:35,295.41
2026-05-11 02:40,298.91
2026-05-11 03:05,303.49
2026-05-11 02:55,297.79
2026-05-11 03:10,303.47
2026-05-11 03:20,303.79
2026-05-11 03:25,293.31
2026-05-11 03:35,308.48
2026-05-11 03:45,298.2
2026-05-11 04:05,309.15
2026-05-11 04:10,309.14
2026-05-11 04:15,302.98
2026-05-11 04:35,309.2
2026-05-11 05:05,311.27
2026-05-11 05:15,312.4
2026-05-11 05:35,305.25
2026-05-11 05:40,310.8
2026-05-11 06:00,309.41
2026-05-11 06:30,310.53
2026-05-11 06:35,311.45
2026-05-11 06:40,310.65
2026-05-11 06:45,305.85
2026-05-11 06:55,311.86
2026-05-11 07:00,307.65
2026-05-11 07:30,312.64
2026-05-11 07:35,312.75
2026-05-11 07:50,316.48
2026-05-11 07:55,310.45
2026-05-11 08:15,316.49
2026-05-11 08:20,314.0
2026-05-11 08:25,309.77
2026-05-11 08:40,315.47
2026-05-11 08:45,310.14
2026-05-11 08:55,309.11
2026-05-11 09:00,314.2
2026-05-11 09:20,301.53
2026-05-11 09:25,307.7
2026-05-11 09:40,306.06
2026-05-11 10:05,286.15
2026-05-11 10:25,301.68
2026-05-11 10:20,275.51
2026-05-11 10:30,285.09
2026-05-11 10:45,271.5
2026-05-11 10:40,300.15
2026-05-11 10:50,289.53
2026-05-11 10:55,297.15
2026-05-11 11:00,285.46
2026-05-11 11:15,289.38
2026-05-11 11:20,291.63
2026-05-11 11:25,285.0
2026-05-11 11:30,285.02
2026-05-11 11:35,282.37
2026-05-11 11:50,283.42
2026-05-11 12:15,292.02
2026-05-11 12:20,286.8
2026-05-11 12:35,293.95
2026-05-11 12:40,288.65
2026-05-11 13:15,298.28
2026-05-11 13:25,298.6
2026-05-11 13:30,300.0
2026-05-11 13:35,295.0
2026-05-11 13:40,295.81
2026-05-11 13:50,293.83
2026-05-11 13:55,298.3
2026-05-11 14:05,295.5
2026-05-11 14:10,294.5
2026-05-11 14:40,282.9
2026-05-11 14:50,283.8
2026-05-11 14:55,283.29
2026-05-11 15:25,281.17
2026-05-11 15:55,280.45
2026-05-11 16:05,280.69
2026-05-11 16:35,271.09
2026-05-11 16:40,280.02
2026-05-11 17:00,272.4
2026-05-11 17:25,286.99
2026-05-11 17:45,286.29
2026-05-11 17:50,285.23
2026-05-11 18:00,288.63
2026-05-11 18:15,293.92
2026-05-11 18:20,286.3
2026-05-11 18:40,293.6
2026-05-11 19:40,282.71
2026-05-11 19:45,283.7
2026-05-11 19:50,290.28
2026-05-11 20:00,281.82
2026-05-11 20:05,281.82
2026-05-11 20:10,281.06
2026-05-11 20:30,288.78
2026-05-11 20:40,287.72
2026-05-11 20:55,289.58
2026-05-11 21:05,288.6
2026-05-11 21:10,279.92
2026-05-11 21:30,286.13
2026-05-11 21:50,288.0
2026-05-11 21:40,285.59
2026-05-11 21:55,287.06
2026-05-11 22:20,279.68
2026-05-11 22:30,279.82
2026-05-11 22:40,282.83
2026-05-11 23:00,282.44
2026-05-11 23:10,282.8
2026-05-11 23:50,299.9
2026-05-11 23:55,299.49
2026-05-12 00:30,286.4
2026-05-12 01:15,295.86
2026-05-12 01:25,293.22
2026-05-12 01:30,294.26
2026-05-12 01:45,287.4
2026-05-12 01:55,292.03
2026-05-12 02:25,292.9
2026-05-12 02:45,292.92
2026-05-12 03:05,276.2
2026-05-12 03:15,277.52
2026-05-12 03:25,277.21
2026-05-12 03:40,284.02
2026-05-12 04:10,296.74
2026-05-12 04:15,295.13
2026-05-12 04:30,297.3
2026-05-12 05:05,308.0
2026-05-12 05:15,305.8
2026-05-12 05:30,302.8
2026-05-12 05:25,308.4
2026-05-12 05:40,302.94
2026-05-12 06:00,308.38
2026-05-12 06:05,307.32
2026-05-12 06:20,299.77
2026-05-12 06:40,302.49
2026-05-12 07:10,307.39
2026-05-12 07:15,307.24
2026-05-12 07:20,298.4
2026-05-12 07:40,303.54
2026-05-12 08:20,303.54
2026-05-12 08:25,307.8
2026-05-12 08:45,305.92
2026-05-12 09:20,300.28
2026-05-12 09:40,307.69
2026-05-12 09:45,306.57
2026-05-12 09:55,302.0
2026-05-12 10:10,303.39
2026-05-12 10:50,301.91
2026-05-12 11:10,304.96
2026-05-12 11:15,304.0
2026-05-12 12:00,298.86
2026-05-12 12:05,299.09
2026-05-12 12:10,296.86
2026-05-12 12:30,299.37
2026-05-12 12:45,293.13
2026-05-12 13:05,294.66
2026-05-12 13:45,296.4
2026-05-12 14:15,296.96
2026-05-12 14:20,294.11
2026-05-12 14:40,294.99
2026-05-12 15:25,293.58
2026-05-12 16:25,290.05
2026-05-12 16:30,290.41
2026-05-12 16:35,294.21
2026-05-12 16:55,292.99
2026-05-12 17:15,290.06
2026-05-12 17:20,290.23
2026-05-12 17:25,291.81
2026-05-12 17:40,289.47
2026-05-12 18:10,286.65
2026-05-12 19:00,286.01
2026-05-12 19:25,285.01
2026-05-12 19:30,285.1
2026-05-12 19:45,285.01
2026-05-12 19:55,295.0
2026-05-12 20:10,289.41
2026-05-12 20:35,296.41
2026-05-12 21:10,295.51
2026-05-12 21:40,283.52
2026-05-12 21:45,287.96
2026-05-12 22:05,285.11
2026-05-12 22:10,286.32
2026-05-12 22:20,284.41
2026-05-12 22:25,285.6
2026-05-12 22:30,284.8
2026-05-12 22:35,286.0
2026-05-12 22:45,286.01
2026-05-12 23:30,286.77
2026-05-12 23:55,294.64
2026-05-13 00:00,294.26
2026-05-13 00:15,295.31
2026-05-13 00:40,297.71
2026-05-13 00:50,297.32
2026-05-13 01:15,296.72
2026-05-13 01:35,295.81
2026-05-13 01:30,297.83
2026-05-13 01:40,296.18
2026-05-13 01:50,295.54
2026-05-13 02:10,297.99
2026-05-13 02:35,296.52
2026-05-13 03:10,298.37
2026-05-13 03:15,298.06
2026-05-13 03:20,299.11
2026-05-13 03:25,299.11
2026-05-13 04:00,301.97
2026-05-13 04:05,301.0
2026-05-13 04:15,302.98
2026-05-13 04:20,302.33
2026-05-13 04:40,303.78
2026-05-13 04:50,303.6
2026-05-13 05:20,306.41
2026-05-13 06:25,310.74
2026-05-13 09:00,314.24
2026-05-13 09:10,318.77
2026-05-13 09:15,318.7
2026-05-13 09:30,310.0
2026-05-13 09:40,314.42
2026-05-13 09:45,314.41
2026-05-13 10:25,305.76
2026-05-13 10:00,314.6
2026-05-13 10:30,306.4
2026-05-13 11:15,308.0
2026-05-13 11:20,307.39
2026-05-13 11:45,307.0
2026-05-13 12:05,312.79
2026-05-13 12:15,310.7
2026-05-13 12:45,301.23
2026-05-13 12:50,303.39
2026-05-13 12:55,302.85
2026-05-13 13:00,304.85
2026-05-13 13:05,306.52
2026-05-13 13:10,304.44
2026-05-13 13:20,306.11
2026-05-13 13:55,297.02
2026-05-13 14:00,297.16
2026-05-13 14:30,301.91
2026-05-13 14:35,301.87
2026-05-13 14:40,299.99
2026-05-13 14:55,303.86
2026-05-13 15:00,304.0
2026-05-13 15:05,301.6
2026-05-13 15:15,303.6
2026-05-13 15:25,314.01
2026-05-13 15:40,310.05
2026-05-13 15:55,308.16
2026-05-13 16:05,309.0
2026-05-13 16:30,313.2
2026-05-13 16:35,312.34
2026-05-13 16:45,303.1
2026-05-13 17:00,304.44
2026-05-13 17:05,307.81
2026-05-13 17:25,307.6
2026-05-13 17:45,305.67
2026-05-13 18:00,306.59
2026-05-13 18:10,305.55
2026-05-13 18:15,306.4
2026-05-13 18:20,311.43
2026-05-13 18:30,306.21
2026-05-13 18:40,307.15
2026-05-13 18:50,308.27
2026-05-13 19:25,314.66
2026-05-13 19:35,313.1
2026-05-13 20:30,295.89
2026-05-13 21:10,283.9
2026-05-13 21:15,290.0
2026-05-13 21:20,283.5
2026-05-13 21:35,284.31
2026-05-13 21:40,284.21
2026-05-13 22:15,288.87
2026-05-13 22:20,283.92
2026-05-13 22:35,288.9
2026-05-13 23:00,294.77
2026-05-13 22:55,288.15
2026-05-13 23:05,292.6
2026-05-13 23:10,293.3
2026-05-13 23:15,287.02
2026-05-13 23:30,296.31
2026-05-14 00:00,287.52
2026-05-14 00:20,289.49
2026-05-14 00:55,293.45
2026-05-14 00:40,288.25
2026-05-14 01:00,293.37
2026-05-14 01:25,286.25
2026-05-14 01:30,287.17
2026-05-14 01:35,289.52
2026-05-14 02:00,289.22
2026-05-14 02:15,289.51
2026-05-14 02:20,294.68
2026-05-14 02:40,290.32
2026-05-14 02:45,289.06
2026-05-14 02:50,292.88
2026-05-14 02:55,293.28
2026-05-14 03:00,291.72
2026-05-14 03:30,289.51
2026-05-14 03:35,291.59
2026-05-14 03:45,289.1
2026-05-14 03:50,289.29
2026-05-14 03:55,289.12
2026-05-14 04:05,285.58
2026-05-14 04:15,287.96
2026-05-14 04:20,289.66
2026-05-14 04:30,288.9
2026-05-14 04:35,285.67
2026-05-14 04:50,289.17
2026-05-14 04:55,288.63
2026-05-14 05:15,289.58
2026-05-14 05:20,287.63
2026-05-14 06:05,298.91
2026-05-14 06:20,293.01
2026-05-14 06:35,293.1
2026-05-14 07:20,292.08
2026-05-14 07:30,288.1
2026-05-14 07:40,292.38
2026-05-14 07:45,292.68
2026-05-14 08:05,301.0
2026-05-14 08:10,299.07
2026-05-14 08:20,297.97
2026-05-14 08:25,299.77
2026-05-14 08:30,302.52
2026-05-14 08:50,300.78
2026-05-14 09:40,291.7
2026-05-14 09:45,291.5
2026-05-14 09:50,289.5
2026-05-14 10:00,294.01
2026-05-14 10:10,291.0
2026-05-14 10:15,290.01
2026-05-14 10:25,296.57
2026-05-14 10:40,291.1
2026-05-14 10:45,291.18
2026-05-14 10:50,290.0
2026-05-14 11:15,283.35
2026-05-14 11:20,283.77
2026-05-14 11:25,289.0
2026-05-14 11:40,282.8
2026-05-14 11:55,284.17
2026-05-14 12:00,281.52
2026-05-14 12:25,281.71
2026-05-14 12:45,297.01
2026-05-14 12:55,290.4
2026-05-14 13:20,279.99
2026-05-14 13:55,298.13
2026-05-14 14:05,291.42
2026-05-14 14:40,385.11
2026-05-14 14:45,369.6
2026-05-14 14:50,374.45
2026-05-14 14:55,369.61
2026-05-14 15:05,339.06
2026-05-14 15:20,347.67
2026-05-14 15:25,358.06
2026-05-14 15:30,341.0
2026-05-14 15:40,345.0
2026-05-14 15:45,344.38
2026-05-14 15:50,335.48
2026-05-14 16:00,350.0
2026-05-14 16:10,341.36
2026-05-14 16:35,361.84
2026-05-14 16:40,363.25
2026-05-14 16:50,360.0
2026-05-14 17:00,376.66
2026-05-14 17:10,358.51
2026-05-14 17:20,327.08
2026-05-14 17:40,331.38
2026-05-14 18:00,302.2
2026-05-14 18:15,311.3
2026-05-14 18:40,324.25
2026-05-14 18:45,323.29
2026-05-14 18:55,318.4
2026-05-14 19:00,324.84
2026-05-14 19:15,329.09
2026-05-14 19:20,325.2
2026-05-14 19:45,311.61
2026-05-14 19:55,312.02
2026-05-14 20:30,316.7
2026-05-14 20:35,316.44
2026-05-14 21:05,322.71
2026-05-14 21:10,323.03
2026-05-14 21:15,321.0
2026-05-14 21:35,322.86
2026-05-14 22:15,328.62
2026-05-14 22:25,327.62
2026-05-14 22:30,327.07
2026-05-14 22:35,327.21
2026-05-14 22:50,334.11
2026-05-14 23:00,328.92
2026-05-14 23:05,328.78
2026-05-14 23:10,326.5
2026-05-14 23:35,326.73
2026-05-15 00:20,336.44
2026-05-15 00:40,333.86
2026-05-15 01:10,328.91
2026-05-15 01:25,330.93
2026-05-15 01:40,330.1
2026-05-15 01:45,330.56
2026-05-15 01:50,329.41
2026-05-15 02:05,320.01
2026-05-15 02:15,320.32
2026-05-15 02:50,327.25
2026-05-15 03:05,329.28
2026-05-15 03:20,328.1
2026-05-15 03:35,326.68
2026-05-15 03:45,326.89
2026-05-15 03:55,330.98
2026-05-15 04:10,330.15
2026-05-15 04:30,325.09
2026-05-15 04:45,325.26
2026-05-15 04:55,326.99
2026-05-15 05:00,324.66
2026-05-15 05:05,324.78
2026-05-15 05:45,317.31
2026-05-15 05:50,318.14
2026-05-15 05:55,315.47
2026-05-15 06:00,312.97
2026-05-15 06:10,320.28
2026-05-15 06:40,328.51
2026-05-15 06:45,327.67
2026-05-15 07:00,322.55
2026-05-15 07:10,326.96
2026-05-15 07:15,329.09
2026-05-15 07:30,324.96
2026-05-15 07:35,323.66
2026-05-15 07:50,326.37
2026-05-15 07:55,326.14
2026-05-15 08:15,330.0
2026-05-15 08:05,323.59
2026-05-15 08:20,329.19
2026-05-15 08:55,316.13
2026-05-15 09:05,317.0
2026-05-15 09:45,300.0
2026-05-15 09:55,302.47
2026-05-15 10:05,299.68
2026-05-15 10:10,305.29
2026-05-15 10:30,300.72
2026-05-15 11:05,307.66
2026-05-15 11:10,306.09
2026-05-15 11:25,306.43
2026-05-15 11:40,297.11
2026-05-15 11:45,300.17
2026-05-15 12:00,295.02
2026-05-15 12:05,296.72
2026-05-15 12:15,296.01
2026-05-15 12:25,297.98
2026-05-15 12:50,305.98
2026-05-15 13:00,305.14
2026-05-15 13:05,304.8
2026-05-15 13:35,296.58
2026-05-15 13:40,300.35
2026-05-15 13:45,293.06
2026-05-15 13:50,279.47
2026-05-15 14:10,293.02
2026-05-15 14:40,298.0
2026-05-15 14:50,296.48
2026-05-15 15:00,295.0
2026-05-15 15:15,299.21
2026-05-15 15:20,305.34
2026-05-15 15:35,298.86
2026-05-15 15:50,291.56
2026-05-15 16:00,297.49
2026-05-15 16:10,299.77
2026-05-15 16:20,298.83
2026-05-15 16:25,297.09
2026-05-15 16:40,299.57
2026-05-15 17:30,297.58
2026-05-15 17:35,300.82
2026-05-15 17:55,299.33
2026-05-15 18:55,294.96
2026-05-15 19:10,288.62
2026-05-15 19:20,295.17
2026-05-15 19:40,295.56
2026-05-15 19:50,289.59
2026-05-15 19:55,279.07
2026-05-15 20:15,282.2
2026-05-15 20:20,281.04
2026-05-15 20:40,281.31
2026-05-15 20:55,280.77
2026-05-15 21:00,280.24
2026-05-15 21:10,281.58
2026-05-15 21:30,284.99
2026-05-15 21:35,284.44
2026-05-15 22:05,282.29
2026-05-15 22:10,282.49
2026-05-15 22:15,282.53
2026-05-15 22:30,284.54
2026-05-15 22:40,283.59
2026-05-15 23:30,279.96
2026-05-15 23:40,280.77
2026-05-15 23:50,279.5
2026-05-15 23:55,278.77
2026-05-15 23:55,278.77
