date,hip3_volume_usd,hip3_vol_ma14,hip3_vol_ma30,hype_price_usd
2026-01-01,60778118.05,60778118.05,60778118.05,25.44065499392858
2026-01-02,323287961.3,192033039.675,192033039.675,24.171840257229753
2026-01-03,80212273.14,154759450.83,154759450.83,24.54236253745929
2026-01-04,75983011.56,135065341.01250002,135065341.01250002,25.35485404830282
2026-01-05,333068166.09,174665906.028,174665906.028,26.770551327576054
2026-01-06,330747897.98,200679571.35333332,200679571.35333332,26.58866707163322
2026-01-07,331014286.33,219298816.35,219298816.35,28.23208692034922
2026-01-08,418794011.24,244235715.71125,244235715.71125,26.90300938233746
2026-01-09,313719816.65,251956171.37111112,251956171.37111112,25.666813898599468
2026-01-10,78237759.6,234584330.194,234584330.194,25.08717457960238
2026-01-11,173490401.83,229030336.70636365,229030336.70636365,24.03366241650643
2026-01-12,447474580.34,247234023.67583334,247234023.67583334,24.350915671835832
2026-01-13,585084110.5,273222491.8930769,273222491.8930769,23.743192035309782
2026-01-14,707649932.42,304253023.3592857,304253023.3592857,25.53190797235416
2026-01-15,726678153.5,351817311.60571426,332414698.70199996,25.915353729530853
2026-01-16,545176308.6,367666479.27,345712299.320625,24.68164440537098
2026-01-17,171856849.44,374212520.4342857,335485508.15117645,24.98800007035438
2026-01-18,185163938.37,382011158.0635714,327134309.83,25.413904996900904
2026-01-19,427543429.58,388759391.16999996,332419000.3431579,24.626216694482256
2026-01-20,757729816.96,419258099.6685714,353684541.17399997,23.71159479340347
2026-01-21,985370653.79,465997840.20142853,383764832.25095236,20.916784846277384
2026-01-22,925619693.63,502199674.6578571,408394598.67727274,21.469655505242624
2026-01-23,888609730.23,543263239.9135715,429273517.44043475,21.38337747970952
2026-01-24,197286278.52,551766705.5507143,419607382.48541665,22.5440847153402
2026-01-25,446092907.38,571238313.0899999,420666803.48120004,23.212784830163866
2026-01-26,1686863481.68,659766091.7571429,469366675.71961534,22.145761313838324
2026-01-27,1828854780.25,748606853.8821429,519718086.99851847,24.88037679445061
2026-01-28,2262682534.48,859680611.1721429,581966817.2657143,30.706889609360477
2026-01-29,3364254365.83,1048078912.0528572,677907767.2162069,34.06282432843852
2026-01-30,4520428239.24,1332025478.5271428,805991782.9503334,30.787171136704668
2026-01-31,450003911.16,1351893125.7928574,818965976.0540001,30.553292979747805
2026-02-01,569480956.95,1379344341.405714,827172409.2423333,30.961520863320903
2026-02-02,3593833590.08,1605507924.2985713,944293119.8069999,30.686277515666237
2026-02-03,2748071268.03,1747675170.8035715,1033362728.3560001,33.418722707902404
2026-02-04,2667465677.16,1867824815.33,1111175978.725,32.578829416922886
2026-02-05,4727733922.56,2139404403.1107142,1257742179.5443335,35.56021974013649
2026-02-06,3266628932.63,2309262917.5678573,1355596001.0876665,33.02058631109706
2026-02-07,154312368.08,2306193352.5364285,1346779946.3156667,32.445257116547616
2026-02-08,270294077.9,2293636293.287857,1345332421.6906667,31.389434147439793
2026-02-09,1372687590.99,2271195158.238571,1388480749.4036667,32.42555430556594
2026-02-10,1116988515.98,2220347567.9335713,1419930686.542,31.3688754587384
2026-02-11,1377412802.13,2157114015.622857,1450928627.2683334,28.813907538256096
2026-02-12,1767525189.7,2043061931.6135714,1490343329.9083335,29.3279722661655
2026-02-13,1465529346.68,1824854867.8592856,1515605977.0503335,30.907814600515607
2026-02-14,111238672.88,1800657350.8392856,1495091327.6963334,31.617517764866257
2026-02-15,260731476.06,1778603816.49,1485609833.2783332,31.891274295562127
2026-02-16,440951308.4,1553397939.2271428,1494579648.577,30.627675338480653
2026-02-17,1342761022.37,1453018635.9657142,1533166218.0436668,31.084111692658464
2026-02-18,873862175.3,1324904100.1185715,1548043509.5676665,29.598174231537985
2026-02-19,1020061362.68,1060070345.8414286,1556787894.425,28.58965464345228
2026-02-20,1629937230.83,943163795.7128572,1578273446.993,29.04516226163693
2026-02-21,212285687.48,947304747.0985714,1554495646.7879999,30.350657844448204
2026-02-22,341003592.27,952355426.6964285,1536242108.856,29.73259365918587
2026-02-23,1336242572.83,949752211.1135714,1574207318.6663334,28.9682922388054
2026-02-24,1549317661.34,980632864.3535715,1610981477.1316667,26.26063342907572
2026-02-25,1919255230.99,1019335894.9864285,1618727868.7753332,27.18191034476032
2026-02-26,1707155371.28,1015023765.0992857,1614671221.8096666,27.77786371564621
2026-02-27,1501505113.09,1017593462.6999999,1589298641.0966668,28.173414618517096
2026-02-28,805024904.93,1067149622.1321428,1503990992.4,27.26706748440402
2026-03-01,674452695.34,1096701137.7949998,1375791807.6033335,31.20610358845061
2026-03-02,2606333643.92,1251371304.6178572,1447669465.362,31.696628568210063
2026-03-03,3912333375.29,1434912186.9692857,1559097879.3066669,32.798616634844095
2026-03-04,2647520702.99,1561602081.8042858,1527554116.4036667,31.345217910065475
2026-03-05,2308451039.45,1653629915.8592856,1512900108.7843332,32.305857634390115
2026-03-06,2371452929.39,1706595322.8992858,1503033017.192,30.595448984512085
2026-03-07,445650147.31,1723264212.8871427,1360296891.3503335,31.156275384799585
2026-03-08,894696600.52,1762813713.4764285,1281232480.28,30.287276306480123
2026-03-09,3937172470.51,1948594420.4535716,1407327817.0276668,30.75364196232185
2026-03-10,2705844394.21,2031203472.8014286,1488512827.5713334,34.79556737654389
2026-03-11,2365682406.57,2063091128.2,1521612654.7573333,34.112814457671234
2026-03-12,2742519960.86,2137045741.7414286,1575797036.2533333,36.252646028770464
2026-03-13,2094812812.14,2179424863.102143,1599710369.9203334,37.352025734826505
2026-03-14,636756484.08,2167405690.1842856,1562018079.733,36.431672131816015
2026-03-15,954010027.72,2187374071.0685716,1544967435.7676666,37.879241152118986
2026-03-16,2056104859.69,2148072015.052143,1609796308.6613333,37.27521040239698
2026-03-17,1419904414.52,1970041374.9971428,1648435406.6100001,40.75902248159315
2026-03-18,2463660158.34,1956908478.950714,1715859034.9413333,41.212114544274634
2026-03-19,3903139843.8,2070814822.1185718,1801204995.6556666,42.15477523509572
2026-03-20,2305290516.9,2066088935.5121427,1848919273.709,39.157951460286014
2026-03-21,388364488.65,2061997102.7507145,1827862711.2413332,39.536643681726126
2026-03-22,928696122.96,2064425640.0678573,1804488007.6456668,39.412845115112134
2026-03-23,5952174601.61,2208354363.717857,1995817638.1166666,38.384091659026105
2026-03-24,3490093733.2,2264372173.6457143,2100787309.481,37.19919829820406
2026-03-25,2546921542.66,2277317826.2235713,2141143275.1419997,40.35505195463291
2026-03-26,2405527777.33,2253246955.9714284,2169683612.3416667,40.264126986380155
2026-03-27,2352416111.64,2271647191.65,2184122308.363333,39.04217745870348
2026-03-28,388228796.48,2253895213.964286,2140158089.2033334,38.58717920345506
2026-03-29,644473397.56,2231785454.667143,2111590365.3523333,39.450764954560455
2026-03-30,2305382944.46,2249591032.150714,2161602300.003333,37.825855566286805
2026-03-31,3656500008.2,2409347860.2707143,2261003877.0986667,36.766318211381545
2026-04-01,3207219871.07,2462459268.322857,2281033418.003667,36.5524523419518
2026-04-02,4360710243.22,2495142868.281429,2295979313.601333,35.981977363924265
2026-04-03,475712234.56,2364458705.257143,2223585697.987,35.20903248641202
2026-04-04,214182723.78,2352017150.6235714,2153776754.1313334,35.594493366686834
2026-04-05,762586029.7,2340152143.962143,2100147857.475,36.46802455721605
2026-04-06,2705878606.67,2108273858.6092856,2175488806.120333,36.92873324679326
2026-04-07,5279184927.86,2236066086.7992854,2321638417.0316668,36.33586492480677
2026-04-08,4730381684.42,2392027525.4964285,2348078724.162,38.70338354449865
2026-04-09,3289781470.97,2455188503.6135716,2367543293.3873334,38.73730874049812
2026-04-10,1988400287.97,2429187373.3514285,2354967222.7673335,39.43769631028789
2026-04-11,545109282.21,2440393122.332143,2281720200.1456666,41.58982010070348
2026-04-12,2014946476.44,2538284056.537857,2279057988.9556665,42.25273013544496
2026-04-13,2640919693.08,2562250967.1535716,2345863429.2556667,40.84057383355932
2026-04-14,2212803192.59,2459129766.0385714,2387823201.4179997,44.31564947795945
2026-04-15,2055223513.87,2376844311.952857,2387793823.224,43.500090439789425
2026-04-16,1797940782.38,2193789350.464286,2400395035.486,44.63665633343985
2026-04-17,2664060126.2,2350099914.1528573,2407075034.414666,43.86652522816223
2026-04-18,705058366.01,2385162460.0264287,2300472318.488333,44.55257685189653
2026-04-19,1114952126.22,2410331466.9207144,2260794372.1323333,43.85068364932832
2026-04-20,2133889898.78,2369475130.642857,2318978552.4700003,40.64327342841985
2026-04-21,2553106005.16,2174755207.592857,2373125548.5433335,40.59229077733377
2026-04-22,1842187801.4,1968455644.52,2236125988.536333,39.82201779473879
2026-04-23,2724648797.26,1928089024.9692857,2210611157.3383336,41.20452868445118
2026-04-24,2243006698.38,1946275197.1414285,2200480662.5290003,41.27577675882467
2026-04-25,317406110.88,1930010684.9035716,2130876606.9806666,41.13230817744893
2026-04-26,600287148.64,1828963590.0607145,2072472308.214,41.4890918997354
2026-04-27,1716603710.17,1762941019.8528574,2116751472.0036666,42.53744233494801
2026-04-28,2417897202.61,1777590591.9971428,2175865598.838667,41.59844410694386
2026-04-29,2989177927.0,1844301621.5064285,2198658764.9233336,40.09985000137028
2026-04-30,2849250367.47,1919395163.2985713,2171750443.5656667,39.94540719085675
2026-05-01,2327483641.69,1895353985.8335712,2142425902.5863333,39.668522814724625
2026-05-02,230532651.61,1861459291.9478571,2004753316.1993332,41.1284107915364
2026-05-03,692780107.52,1831304147.7549999,2011988911.9646668,41.293629795689256
2026-05-04,3333033237.06,1916957243.3464286,2115950595.7406666,41.488044387977745
2026-05-05,2355899565.83,1902871069.1085715,2169061046.945,41.80874227472581
2026-05-06,3578726284.64,2026909532.1971428,2198155969.544,43.69117425457619
2026-05-07,3676500791.92,2094898960.387143,2144733165.012667,43.020729474192095
2026-05-08,2430150873.26,2108266401.45,2068058804.6406667,42.50435119516724
2026-05-09,313669186.45,2107999478.2764285,1968855061.8233333,43.170899201278985
2026-05-10,841149802.12,2125203953.5249999,1930613378.9616668,42.94749405719339
2026-05-11,2569044215.65,2186092561.0592856,1998077876.7429998,43.09429900877976
2026-05-12,2470498541.35,2189849799.5407143,2013262945.5733335,41.99080643323592
2026-05-13,2379677440.1,2146314050.4764287,2004554870.474,40.175700266184585
2026-05-14,2767532822.79,2140477082.9992855,2023045858.1473336,38.87972955615641
2026-05-15,2905810457.03,2181786141.2378573,2051398756.2526667,44.1206305777644
2026-05-16,303529416.4,2187000195.865714,2001585044.0533333,44.185774397042415
2026-05-17,482227636.48,2171960733.6485715,1928857294.396,41.90583471289556
2026-05-18,3481851144.2,2182590584.1585712,2021417053.669,45.31359330136022
2026-05-19,2819296321.48,2215690352.419286,2078228526.8443334,47.48506347704847
2026-05-20,3058343631.32,2178520162.8964286,2109043651.2623332,48.16159991405943
2026-05-21,3185815561.31,2143471217.852857,2130133969.8006668,54.49180366870602
2026-05-22,2230884681.81,2129237918.4635715,2143090532.481,58.67823839803401
2026-05-23,1229318911.9,2194641470.281429,2093246202.969,55.08036444536184
2026-05-24,932442073.81,2201162346.830714,2049560715.4833333,58.5300406890646
2026-05-25,1285003759.49,2109445171.3907144,2081813970.437,62.99508734966046
2026-05-26,2155497842.04,2086945121.4400003,2133654326.8836668,61.247840603250445
2026-05-27,2850104075.9,2120547023.9971428,2171437672.408,59.41686819871029
2026-05-28,2499152762.39,2101377019.682857,2174146191.067333,57.72665771937905
2026-05-29,2239956809.76,2053816044.8778572,2149172153.8259997,61.53186355311289
2026-05-30,326968032.01,2055490231.707143,2065096075.9773333,64.34490584438504
2026-05-31,559756867.98,2061028033.9571426,2006171850.187,68.14701116127944
2026-06-01,2836199165.5,2014910035.4785714,2093027400.65,71.9871206393546
2026-06-02,2643143307.91,2002327677.3664286,2158039507.3296666,73.5148095874548
2026-06-03,2782167360.99,1982600800.9142857,2139677311.4606667,69.464039351745
