date,mcap,buyback_usd,ann14,ann30,pe_14d,pe_30d
2026-01-01,6063552769.803161,705293.7019100001,382210160.0540357,519612031.75842667,15.864446850250955,11.66938484715876
2026-01-02,5758563694.105126,1898721.29416,380237896.87820005,517412682.553405,15.144633771077642,11.129537192028055
2026-01-03,5851000478.812292,1002009.44341,393361367.2446929,509359222.97921497,14.874364810646593,11.486982496537712
2026-01-04,6045207252.2810545,1024144.57979,404039528.08956426,497482488.10927665,14.961920386514759,12.151598089927477
2026-01-05,6374767611.896876,2086165.60609,412701419.0129536,514670266.4422567,15.446439770290176,12.386119866538069
2026-01-06,6350483511.163288,2374650.40529,437690575.85890716,522625185.3277183,14.509070702976283,12.151124150630327
2026-01-07,6717215599.757049,1865729.20819,463624574.18712145,524067251.4884067,14.488480494232697,12.817468713565754
2026-01-08,6405643684.175502,2091921.82547,499047830.7135821,520130392.94301176,12.835730945901826,12.315457375853324
2026-01-09,6117861684.036673,1786727.5738,513967935.37778217,514499886.43138504,11.903197189801066,11.890890251639668
2026-01-10,5983677516.481979,462563.82927,514484016.9901679,493917895.63713163,11.630443937768296,12.114721028205118
2026-01-11,5729198870.814605,812593.77959,523262223.3319965,482900341.537385,10.949001505082041,11.864143339751736
2026-01-12,5801930430.524801,1900776.6903,522245201.00463575,500675442.84885836,11.109590704450149,11.588206518601437
2026-01-13,5659564868.617833,2300107.22229,553683809.1850928,517066537.2053484,10.221654985627145,10.945525307452234
2026-01-14,6084337848.688689,2313856.0496,589872881.5245286,519839987.5387083,10.314659377057131,11.704251297589217
2026-01-15,6168831086.105328,1862422.02526,620040869.954725,524037884.19333327,9.949071722571725,11.771727335326506
2026-01-16,5882254789.574951,1117452.6713,599672080.8587321,510641428.118295,9.809118979078608,11.519345015250643
2026-01-17,5955195480.622095,515585.26332,586990307.5921001,487585775.54196495,10.14530462189567,12.213636613994188
2026-01-18,6059458782.081157,810327.80768,581415798.8906608,473423265.307735,10.42190252422205,12.799241664100267
2026-01-19,5878111735.859547,1716617.49025,571781151.5848321,488241949.38198507,10.280352403304857,12.039341853562643
2026-01-20,5653588019.414974,2517934.17806,575516764.23205,511399531.22187674,9.82349841182981,11.055129452127124
2026-01-21,4999616972.934559,2460042.18877,591011352.6543142,519990578.74206495,8.459426287634889,9.614822224336027
2026-01-22,5114753740.006268,1420236.25569,573499550.2993357,520040146.4500433,8.91849651379263,9.835305552698529
2026-01-23,5092254617.317615,1582594.46563,568177508.5506178,528697872.96873,8.962436106116924,9.631691137177693
2026-01-24,5374161608.603307,423383.1409,567156012.0323999,524928172.0188101,9.475631915361408,10.237899002324324
2026-01-25,5533434086.6491585,1354082.46714,581273395.6720964,526627038.7310733,9.519503434784134,10.507311018405295
2026-01-26,5279969665.367783,1686069.28544,575675666.9025321,541753859.8669217,9.17177843172888,9.746067460718734
2026-01-27,5927452209.949735,1379697.28389,551679264.9371035,552750115.4620917,10.744380995768472,10.723565756281143
2026-01-28,7323303129.953503,2162127.38796,547723481.9729179,555455271.8641866,13.37043849859189,13.18432554501726
2026-01-29,8123176271.096516,3327618.8155,585923255.4327463,582628013.3991216,13.863891210627862,13.942302951938291
2026-01-30,7335234564.416261,3218850.02998,640709686.5697607,610527007.2521484,11.448608813279739,12.014594730920397
2026-01-31,7276932612.148005,3149151.14895,709370511.4451143,640260606.1911349,10.258295904242756,11.365579174764417
2026-02-01,7369016589.268811,2372679.2042,750103244.2829571,646027094.0966216,9.824003089485426,11.406668012234608
2026-02-02,7325184148.842972,2661584.87108,774739893.8545963,666218595.1332732,9.455023817603703,10.995166154702737
2026-02-03,7974408629.557463,3033451.6154,788180169.8995321,690665164.0665284,10.117494621279226,11.545983559682368
2026-02-04,7769347128.324478,2965474.28382,801357506.6633357,701363419.6455766,9.695232232457911,11.077491227373393
2026-02-05,8477034218.151134,5253972.94262,901308498.8582965,736395177.1830916,9.405252728548708,11.511528701991308
2026-02-06,7870504189.635854,3769215.50472,958316833.0917143,759554260.4575399,8.21284142974312,10.362003874344438
2026-02-07,7732293136.717201,1633492.23558,989866105.9173,753976700.4472116,7.811453579928121,10.255347588500932
2026-02-08,7461082000.366362,1086013.17081,982877156.4058391,745451341.8775,7.591062577596026,10.008811549758322
2026-02-09,7721091091.507417,1554684.94924,979451779.0691965,758738815.5038017,7.883074242659511,10.176217340852164
2026-02-10,7479544527.564093,1355611.74984,978823834.7886072,765345534.1418433,7.641359212691649,9.772768238532494
2026-02-11,6875141213.963352,1718110.72878,967247686.1742716,763123098.2766832,7.107942786770998,9.009216507125897
2026-02-12,6996440973.904062,1356448.79049,915856467.6650819,751641920.6897833,7.639233024953185,9.308210174711137
2026-02-13,7366333695.7882185,1281749.07426,865353478.4623822,739084619.15648,8.512514110276891,9.966833979301914
2026-02-14,7538663281.608621,747336.20881,802734731.8087322,725517741.723005,9.39122599644145,10.390735950447374
2026-02-15,7598069310.85092,977878.89721,766370295.2336357,723819594.1382433,9.914357795580493,10.497186553642473
2026-02-16,7300350350.724132,853035.8019,719218837.3585857,727925242.3576334,10.150388131567176,10.028983645462638
2026-02-17,7387368042.462612,1341596.31751,675109752.8064535,734389009.2272316,10.942469741776177,10.059202887902757
2026-02-18,7054457875.917264,1175345.65712,628438542.181775,727803535.2574834,11.225374324474153,9.692805179108573
2026-02-19,6796578943.312958,1031950.35317,518364381.81397134,709724065.3879883,13.111585559812033,9.576368161614244
2026-02-20,6917240541.2157755,1339275.28559,455012368.95808214,696088068.0659649,15.202313196573837,9.93730658310934
2026-02-21,7223837513.276656,491477.94717,425238425.01025,684788175.312305,16.98773461759137,10.549010297939429
2026-02-22,7087813733.581125,506060.04028,410118218.39286065,671690339.8038801,17.282367414342865,10.552204361984158
2026-02-23,6905076796.773436,1728909.29203,414660495.9013143,687574241.3092949,16.652362269920175,10.042663587316225
2026-02-24,6258093067.37733,1524885.94513,419073715.9928035,689652350.2915066,14.933155739800194,9.074272080320062
2026-02-25,6479825937.121443,2068588.58332,428211174.3433107,694306335.08238,15.132313973493735,9.33280543429379
2026-02-26,6600693012.16694,1384956.1079,428954400.83292854,694370317.4411683,15.387866401067216,9.5060126367314
2026-02-27,6713409048.669518,1241030.22373,427892802.22982496,683163635.2763699,15.689464776422408,9.826941455912898
2026-02-28,6496420161.958986,1816154.84044,455758430.84017855,664774156.9131399,14.254086644064946,9.77237170609178
2026-03-01,7429068602.097599,1523583.69644,469985734.5343892,644148416.5217366,15.807008715823073,11.533162872949339
2026-03-02,7557036859.061385,1947703.98957,498525297.99864286,629530809.4159467,15.158783093655476,12.004236720475204
2026-03-03,7825159319.339844,1953548.30106,514479760.42691064,624431383.4277433,15.209848707841486,12.531656042629606
2026-03-04,7483355036.874255,2329772.04068,544577305.4268677,620394327.3245432,13.741584458809601,12.062255741676909
2026-03-05,7701035331.383111,1685907.83682,561626911.2506,603999211.35182,13.712012685138019,12.750075143554087
2026-03-06,7293297549.835842,1835993.67498,574577069.2596965,590257197.2776,12.693332087256389,12.35613489081401
2026-03-07,7429875990.850559,714837.63198,580400375.327957,535031050.99814665,12.80129425597336,13.88681269430902
2026-03-08,7218580285.856758,1172058.74311,597763912.9374535,503432310.3985584,12.075972017755557,14.338730623272744
2026-03-09,7330775406.951212,1937249.56996,603195641.6120571,507128024.63351494,12.15323006538892,14.455472880342054
2026-03-10,8295942323.837143,1644876.41058,606323964.4612893,513927527.38404995,13.682359283304885,16.142241623180684
2026-03-11,8133322717.490473,1392462.79064,588696399.1521322,511953824.4544167,13.815818695688408,15.886828711862952
2026-03-12,8637132469.793058,1366566.185,588216947.5908108,512087103.41553,14.683583166327642,16.866529955909687
2026-03-13,8899305990.368925,1830670.62315,603589715.1471179,513456582.1303651,14.743965589605557,17.332149007507354
2026-03-14,8684194532.225943,628780.06238,572633158.4334106,504603279.2716933,15.165371415067636,17.209944701033375
2026-03-15,9030529128.002771,929730.28111,557150551.5337356,500320383.95503503,16.20841817914986,18.049492720277346
2026-03-16,8886905084.058113,2056534.62334,559987921.6284535,516248964.6651499,15.869815652835612,17.214378511775514
2026-03-17,9716525628.185892,1717663.47195,553838067.1552286,525249676.99115324,17.543982987833452,18.49887025889508
2026-03-18,9817546867.893759,1931952.0592,543466331.9237858,538376491.45497,18.064682743347095,18.235467231048112
2026-03-19,10037420612.946964,1919269.57112,549550405.7108929,545404849.3738917,18.264786102673614,18.403614534175155
2026-03-20,9336726145.041437,1398791.89286,538151930.67705,548123445.2420616,17.349610050260125,17.03398427140471
2026-03-21,9424955295.834589,565820.1265,534266831.4270357,542452194.15091,17.640914130230346,17.374720569777196
2026-03-22,9429693707.880074,1226196.43097,535678278.28910005,541076401.4197,17.60327810565237,17.427656580730613
2026-03-23,9160930583.446041,2320660.86717,545674358.5377893,563331460.2796999,16.788273885535016,16.262061023358335
2026-03-24,8866384368.736395,1474551.66085,541233748.9912572,575114774.996635,16.381802474922196,15.416721590552552
2026-03-25,9622247924.23051,1489905.01243,543774206.9164964,572206889.5948349,17.695300368868235,16.816029480252812
2026-03-26,9596883953.252699,1376153.55574,544024163.3679322,570397312.1905899,17.640547239373582,16.824910896575265
2026-03-27,9306503225.743994,1328434.09967,530930139.7200607,561392099.3061817,17.528677559444937,16.57754577815719
2026-03-28,9193086571.724155,646955.65538,531404003.39470357,552413093.8005216,17.299618582090233,16.641688393873974
2026-03-29,9404913865.55811,700025.42068,525415269.5334929,545830868.6967467,17.899962964358778,17.230454349373378
2026-03-30,9023333310.649424,1240450.62837,504138793.95034635,538826467.449895,17.898510130402997,16.746269635480544
2026-03-31,8757865975.385136,1834915.21977,507195714.5185107,542614334.3170766,17.267231809517796,16.14013014677839
2026-04-01,8712783743.808138,1608560.48183,498764434.1085071,538488088.30624,17.46873503396727,16.180086306483254
2026-04-02,8577163473.930486,1732229.65597,493888036.32066774,535795378.1243117,17.36661519041448,16.00828193769986
2026-04-03,8393169235.592716,750398.22156,476983487.03320354,516579663.3250184,17.596351789445606,16.247579669647106
2026-04-04,8490797572.694439,387540.53241,472335483.33014286,500782861.12136334,17.97620096807278,16.95504824921857
2026-04-05,8689369262.455582,584199.16702,455597697.52001786,485552694.60785,19.072460878873937,17.89583161406082
2026-04-06,8806780782.567854,1704830.87377,439542129.8349464,497597612.38296175,20.03626088328532,17.698599357004085
2026-04-07,8661929090.11392,1312533.34251,435318080.8210821,499306720.00899506,19.897930896359934,17.3479121009184
2026-04-08,9212111989.425228,2524696.89439,462296583.4578964,506453995.7895601,19.926844192791272,18.189434906251606
2026-04-09,9238401704.465471,1671725.46336,470002565.3351322,506780659.26505,19.656066553334853,18.22958618401757
2026-04-10,9403959435.710348,1295503.62236,469144020.74812144,505600989.38431,20.044930809763503,18.599566917703058
2026-04-11,9916115414.841852,751239.74879,471862856.04059637,498114517.74375504,21.014825150782215,19.907300553610842
2026-04-12,10073827471.237087,1138369.81616,483291120.6370393,489691524.59204334,20.844222128390232,20.57178236774566
2026-04-13,9737587824.720121,1682047.23498,494804175.0236571,502506275.19201005,19.679679995130513,19.378042236386687
2026-04-14,10563313738.183044,1896392.55009,496406976.84985715,514267332.7979333,21.279543259477627,20.540510867591113
2026-04-15,10367275020.936817,1324651.59457,489005066.57486427,505362755.9478984,21.200751749981386,20.514521299637792
2026-04-16,10620387339.348377,1662817.41603,487195390.3192857,504695462.2675383,21.79903084138021,21.043159951611624
2026-04-17,10458860237.532883,1926748.50185,517864522.6268464,504632152.31978,20.196131962237434,20.725711172888595
2026-04-18,10610905589.465204,877262.95348,530632285.7476,491954405.13849324,19.996720656594906,21.568880121071505
2026-04-19,10469907465.057243,1367863.42244,551063532.4067643,491578108.7483833,18.99945623207914,21.298563297936276
2026-04-20,9691840473.187946,1298285.78909,540464321.2704643,500489774.3098949,17.93243344982594,19.36471226919997
2026-04-21,9683629099.94131,1613418.45391,548308825.9605358,505200975.58899826,17.660903201726477,19.167874900976717
2026-04-22,9501845698.092018,1599024.30308,524175219.1156678,496421064.05923665,18.12723179497595,19.140698060624977
2026-04-23,9824680050.623592,1550566.82689,521016440.37912846,497345915.2460566,18.85675631170959,19.75421884336365
2026-04-24,9836919578.138523,1038979.3541,514328486.2423499,491859653.0697083,19.12575297939729,19.999443981115476
2026-04-25,9804494104.098095,420523.07905,505706230.20984286,480232815.6033133,19.387726546358188,20.416126898326958
2026-04-26,9890437413.331377,674414.09714,493610241.8211071,472275572.23919827,20.036937193284256,20.942089734681566
2026-04-27,10140301630.897652,1313096.14811,483991159.913425,480380281.56741333,20.95141909763707,21.10890479894652
2026-04-28,9915238963.786144,1154158.92085,464640068.86538213,485905572.4861483,21.339612375657676,20.405690992705786
2026-04-29,9558838410.209314,1585554.2021,471442172.56170005,490104332.6331967,20.27573892736187,19.503680693562302
2026-04-30,9517109169.398647,1087242.5305,456436113.0460964,481007648.24707836,20.85091187435797,19.78577514116784
2026-05-01,9460812215.771103,1346278.63963,441302434.4953608,477816552.5003117,21.43838663974232,19.80009308230261
2026-05-02,9803039197.17328,554995.43175,432900459.82168573,463493536.105635,22.6450191372197,21.150325589306743
2026-05-03,9843518332.476944,727226.94301,416198151.607975,463211618.8832767,23.651038079930593,21.250585976681606
2026-05-04,9889842326.505718,1908903.31274,432117822.7602786,481721532.710625,22.88691140608704,20.530206052563248
2026-05-05,9966565321.640732,1636317.05313,432714821.9542286,494522300.32496333,23.03264139792967,20.1539249394647
2026-05-06,10409653586.679724,1962791.94505,442198764.04844654,497660826.69220334,23.54066639937343,20.91716492107577
2026-05-07,10253462301.029251,1614943.04326,443877143.97523576,501340144.717995,23.0997753324314,20.452107035627176
2026-05-08,10136166176.05326,1353339.60991,452072964.9302822,487088631.09015495,22.42152697101991,20.809695667434216
2026-05-09,10288209715.175377,839949.07382,463007999.7939285,476968685.0174183,22.220371396939928,21.569989893151295
2026-05-10,10238069453.431068,1107992.98324,474312020.7529642,474687305.5747917,21.585093789481164,21.568028749018143
2026-05-11,10274147186.427038,1503455.78365,479274968.3938286,483839267.332255,21.43685329709227,21.234628687902106
2026-05-12,9994435917.382965,1301986.49003,483129044.3045929,485829936.86433995,20.686886940876786,20.571881555692908
2026-05-13,9574968306.392744,1387474.38577,477964820.5217036,482245967.1989517,20.032788806384467,19.85494738713402
2026-05-14,9268235871.016521,1748781.03831,495212074.4753215,480450027.1389617,18.715690405643365,19.29073857318328
2026-05-15,10518032022.364414,1737412.38552,505409489.9931679,485471950.09551996,20.81091121281992,21.66558133852001
2026-05-16,10531893670.214426,985592.61241,516635773.6318036,477232381.6514767,20.385529240799933,22.068690380498698
2026-05-17,9982951139.00872,1092883.03265,526168950.2545607,467087018.44287676,18.97290049931484,21.372786536197864
2026-05-18,10743852712.616138,1728259.85956,521459317.3680821,477440814.1335167,20.60343416020004,22.503004340160185
2026-05-19,11341593836.72454,1177698.13111,509502466.90113205,475127136.422335,22.260135276097408,23.870650542349004
2026-05-20,11483593354.262741,1430631.52066,495628284.40810716,476737342.8231033,23.169769998047553,24.087883039033944
2026-05-21,12979211613.804953,2138784.46241,509285578.5502321,483129295.92652,25.48513478577674,26.864882182137396
2026-05-22,13994854508.381601,1813376.98662,521279410.1573143,485737253.57625675,26.847126964324495,28.81157334617433
2026-05-23,13139337764.672915,1682860.59346,543255317.6336428,487346827.7361917,24.186303084719626,26.960958842611856
2026-05-24,13908081602.833355,1343824.83657,549403790.9526036,491055781.1062433,25.314862823786356,28.322814103728565
2026-05-25,15017327063.968239,1076230.56147,538265419.0886251,499033555.47568667,27.899483287250977,30.09282021056377
2026-05-26,13614350248.066385,1931355.10092,554673957.8725429,514326337.6883434,24.544779964583793,26.47025682032254
2026-05-27,13222710559.921072,1576858.18983,559611464.1926786,517535442.52927005,23.628376839986235,25.54938169123217
2026-05-28,12835538484.272715,1940756.76057,564616545.5230285,527105716.2458634,22.733195805274544,24.35097569362291
2026-05-29,13687499326.384832,1821481.39163,566808344.6108965,529976163.7184783,24.148373002131876,25.82663195708475
2026-05-30,14302850227.48785,931924.43609,565409138.5854107,528086460.23649013,25.296461007460813,27.08429642578354
2026-05-31,15077776934.03428,1192802.40534,568014179.3734,526219166.05262834,26.544719272091417,28.65303642803143
2026-06-01,16001149105.767973,2512562.05755,588462058.1067107,550036226.6665283,27.191471200792954,29.09108224151393
2026-06-02,16376479140.152582,3522838.42673,649603215.8139465,584049499.718455,25.209972397739772,28.039539710327592
2026-06-03,15448457188.196703,3079290.67728,692586115.2543963,598289212.6536916,22.30546764935112,25.821052530222953
