Date,Others,USTB,JTRSY,iBENJI,USDY,BUIDL,USYC
2024-01-01,0.590064,0.0,0.0,0.0,0.0656,0.0,0.04553
2024-01-02,0.584321,0.0,0.0,0.0,0.065446,0.0,0.04538
2024-01-03,0.593056,0.0,0.0,0.0,0.065452,0.0,0.045387
2024-01-04,0.593725,0.0,0.0,0.0,0.065458,0.0,0.045394
2024-01-05,0.593545,0.0,0.0,0.0,0.065471,0.0,0.045557
2024-01-06,0.59053,0.0,0.0,0.0,0.065478,0.0,0.045576
2024-01-07,0.59053,0.0,0.0,0.0,0.06549,0.0,0.045576
2024-01-08,0.58522,0.0,0.0,0.0,0.065498,0.0,0.045576
2024-01-09,0.585217,0.0,0.0,0.0,0.065503,0.0,0.045583
2024-01-10,0.586717,0.0,0.0,0.0,0.065288,0.0,0.04559
2024-01-11,0.586796,0.0,0.0,0.0,0.065295,0.0,0.045596
2024-01-12,0.587016,0.0,0.0,0.0,0.065308,0.0,0.045609
2024-01-13,0.587032,0.0,0.0,0.0,0.065314,0.0,0.045636
2024-01-14,0.587032,0.0,0.0,0.0,0.06532,0.0,0.045636
2024-01-15,0.586723,0.0,0.0,0.0,0.065333,0.0,0.045636
2024-01-16,0.586464,0.0,0.0,0.0,0.065353,0.0,0.045636
2024-01-17,0.586044,0.0,0.0,0.0,0.065368,0.0,0.045642
2024-01-18,0.585823,0.0,0.0,0.0,0.065374,0.0,0.045649
2024-01-19,0.588907,0.0,0.0,0.0,0.066257,0.0,0.044134
2024-01-20,0.58893,0.0,0.0,0.0,0.06627,0.0,0.044153
2024-01-21,0.58893,0.0,0.0,0.0,0.066196,0.0,0.044153
2024-01-22,0.588551,0.0,0.0,0.0,0.066209,0.0,0.044153
2024-01-23,0.59378,0.0,0.0,0.0,0.071217,0.0,0.044005
2024-01-24,0.591829,0.0,0.0,0.0,0.071224,0.0,0.044011
2024-01-25,0.59162,0.0,0.0,0.0,0.071464,0.0,0.044018
2024-01-26,0.590356,0.0,0.0,0.0,0.071471,0.0,0.044183
2024-01-27,0.58315,0.0,0.0,0.0,0.071485,0.0,0.044183
2024-01-28,0.58315,0.0,0.0,0.0,0.071492,0.0,0.044202
2024-01-29,0.583082,0.0,0.0,0.0,0.101688,0.0,0.044202
2024-01-30,0.579904,0.0,0.0,0.0,0.071532,0.0,0.044208
2024-01-31,0.578549,0.0,0.0,0.0,0.071539,0.0,0.044215
2024-02-01,0.578787,0.0,0.0,0.0,0.071554,0.0,0.044221
2024-02-02,0.577289,0.0,0.0,0.0,0.071561,0.0,0.044232
2024-02-03,0.577291,0.0,0.0,0.0,0.071568,0.0,0.044251
2024-02-04,0.577291,0.0,0.0,0.0,0.071582,0.0,0.044251
2024-02-05,0.577203,0.0,0.0,0.0,0.071607,0.0,0.044251
2024-02-06,0.573103,0.0,0.0,0.0,0.071621,0.0,0.044257
2024-02-07,0.572791,0.0,0.0,0.0,0.071618,0.0,0.044212
2024-02-08,0.57284,0.0,0.0,0.0,0.071625,0.0,0.044218
2024-02-09,0.572281,0.0,0.0,0.0,0.071639,0.0,0.044086
2024-02-10,0.572183,0.0,0.0,0.0,0.071646,0.0,0.044086
2024-02-11,0.572183,0.0,0.0,0.0,0.07166,0.0,0.044101
2024-02-12,0.572236,0.0,0.0,0.0,0.07167,0.0,0.044101
2024-02-13,0.572261,0.0,0.0,0.0,0.071675,0.0,0.044108
2024-02-14,0.581375,0.0,0.0,0.0,0.071689,0.0,0.044114
2024-02-15,0.58172,0.0,0.0,0.0,0.071696,0.0,0.04412
2024-02-16,0.570468,0.0,0.0,0.0,0.07171,0.0,0.044131
2024-02-17,0.569697,0.0,0.0,0.0,0.071717,0.0,0.044131
2024-02-18,0.569697,0.0,0.0,0.0,0.071724,0.0,0.044131
2024-02-19,0.569543,0.0,0.0,0.0,0.071737,0.0,0.044157
2024-02-20,0.571849,0.0,0.0,0.0,0.071749,0.0,0.044157
2024-02-21,0.567128,0.0,0.0,0.0,0.071758,0.0,0.044263
2024-02-22,0.562945,0.0,0.0,0.0,0.071765,0.0,0.04427
2024-02-23,0.563503,0.0,0.0,0.0,0.071772,0.0,0.044283
2024-02-24,0.570119,0.0,0.0,0.0,0.071786,0.0,0.044302
2024-02-25,0.570104,0.0,0.0,0.0,0.071793,0.0,0.044302
2024-02-26,0.569307,0.0,0.0,0.0,0.071822,0.0,0.044302
2024-02-27,0.563086,0.0,0.0,0.0,0.071814,0.0,0.044308
2024-02-28,0.560228,0.0,0.0,0.0,0.071821,0.0,0.044315
2024-02-29,0.558464,0.0,0.0,0.0,0.071835,0.0,0.044321
2024-03-01,0.558472,0.0,0.0,0.0,0.071842,0.0,0.044329
2024-03-02,0.558478,0.0,0.0,0.0,0.071856,0.0,0.04433
2024-03-03,0.558478,0.0,0.0,0.0,0.071863,0.0,0.04433
2024-03-04,0.553431,0.0,0.0,0.0,0.077792,0.0,0.044171
2024-03-05,0.550917,0.0,0.0,0.0,0.076895,0.0,0.044178
2024-03-06,0.542539,0.0,0.0,0.0,0.081905,0.0,0.044184
2024-03-07,0.542699,0.0,0.0,0.0,0.076917,0.0,0.04419
2024-03-08,0.554517,0.0,0.0,0.0,0.081925,0.0,0.044198
2024-03-09,0.554614,0.0,0.0,0.0,0.081934,0.0,0.044198
2024-03-10,0.574646,0.0,0.0,0.0,0.081949,0.0,0.044219
2024-03-11,0.570543,0.0,0.0,0.0,0.082103,0.0,0.044198
2024-03-12,0.568757,0.0,0.0,0.0,0.102125,0.0,0.044204
2024-03-13,0.571397,0.0,0.0,0.0,0.101994,0.0,0.044211
2024-03-14,0.543871,0.0,0.0,0.0,0.102004,0.0,0.044217
2024-03-15,0.603313,0.031877,0.0,0.0,0.101924,0.0,0.044227
2024-03-16,0.60337,0.031877,0.0,0.0,0.101934,0.0,0.044246
2024-03-17,0.60337,0.031877,0.0,0.0,0.101953,0.0,0.044246
2024-03-18,0.540348,0.031881,0.0,0.0,0.103972,0.0,0.044246
2024-03-19,0.540777,0.031886,0.0,0.0,0.104124,0.0,0.044252
2024-03-20,0.540561,0.031891,0.0,0.0,0.104144,0.04,0.044259
2024-03-21,0.545228,0.031895,0.0,0.0,0.104154,0.05,0.044465
2024-03-22,0.543906,0.03291,0.0,0.0,0.104174,0.1005,0.044352
2024-03-23,0.543499,0.03291,0.0,0.0,0.104184,0.1005,0.044371
2024-03-24,0.538983,0.03291,0.0,0.0,0.104195,0.1005,0.044371
2024-03-25,0.539787,0.032915,0.0,0.0,0.104215,0.1105,0.044206
2024-03-26,0.539721,0.073309,0.0,0.0,0.10425,0.1605,0.044212
2024-03-27,0.539806,0.08343,0.0,0.0,0.127273,0.244807,0.044218
2024-03-28,0.539961,0.083478,0.0,0.0,0.127286,0.274807,0.044225
2024-03-29,0.539976,0.086478,0.0,0.0,0.12731,0.274807,0.044254
2024-03-30,0.539976,0.086478,0.0,0.0,0.127323,0.274807,0.044254
2024-03-31,0.539976,0.086478,0.0,0.0,0.127335,0.274807,0.044254
2024-04-01,0.537535,0.086491,0.0,0.0,0.12736,0.280073,0.044254
2024-04-02,0.537473,0.086504,0.0,0.0,0.127372,0.279823,0.044195
2024-04-03,0.542251,0.086516,0.0,0.0,0.127397,0.280656,0.044201
2024-04-04,0.543286,0.086529,0.0,0.0,0.127409,0.280656,0.044307
2024-04-05,0.54282,0.086567,0.0,0.0,0.166223,0.280656,0.042318
2024-04-06,0.54283,0.086567,0.0,0.0,0.16624,0.280656,0.042318
2024-04-07,0.54333,0.086567,0.0,0.0,0.166256,0.280656,0.042318
2024-04-08,0.54307,0.08658,0.0,0.0,0.166288,0.286347,0.042336
2024-04-09,0.543109,0.086593,0.0,0.0,0.187852,0.285964,0.042342
2024-04-10,0.542963,0.086605,0.0,0.0,0.201891,0.288064,0.042348
2024-04-11,0.544641,0.086618,0.0,0.0,0.201911,0.288464,0.042354
2024-04-12,0.544931,0.099328,0.0,0.0,0.20795,0.293464,0.042363
2024-04-13,0.54494,0.099328,0.0,0.0,0.207971,0.293464,0.042363
2024-04-14,0.54494,0.099328,0.0,0.0,0.207991,0.293464,0.042382
2024-04-15,0.543972,0.099342,0.0,0.0,0.208031,0.293464,0.042382
2024-04-16,0.539857,0.099357,0.0,0.0,0.208051,0.293864,0.042328
2024-04-17,0.564132,0.099471,0.0,0.0,0.208091,0.293864,0.042334
2024-04-18,0.566959,0.099486,0.0,0.0,0.208111,0.297364,0.04234
2024-04-19,0.571386,0.101414,0.0,0.0,0.208151,0.298364,0.042348
2024-04-20,0.571171,0.101814,0.0,0.0,0.208171,0.298364,0.042348
2024-04-21,0.571221,0.101814,0.0,0.0,0.208211,0.298364,0.042348
2024-04-22,0.568186,0.101829,0.0,0.0,0.208238,0.304614,0.042366
2024-04-23,0.56644,0.101844,0.0,0.0,0.208252,0.304614,0.042372
2024-04-24,0.56456,0.093737,0.0,0.0,0.208292,0.304614,0.042378
2024-04-25,0.564386,0.093751,0.0,0.0,0.208314,0.34943,0.042384
2024-04-26,0.605892,0.095768,0.0,0.0,0.208354,0.34943,0.042392
2024-04-27,0.605941,0.096018,0.0,0.0,0.208374,0.34943,0.042392
2024-04-28,0.605941,0.096018,0.0,0.0,0.208414,0.34943,0.042392
2024-04-29,0.604154,0.096032,0.0,0.0,0.210598,0.375057,0.04229
2024-04-30,0.604739,0.096046,0.0,0.0,0.218822,0.375057,0.042296
2024-05-01,0.603634,0.09606,0.0,0.0,0.218844,0.384769,0.042303
2024-05-02,0.603729,0.096075,0.0,0.0,0.236533,0.384769,0.042309
2024-05-03,0.603421,0.085948,0.0,0.0,0.236578,0.381769,0.042416
2024-05-04,0.603472,0.085948,0.0,0.0,0.236601,0.381769,0.042416
2024-05-05,0.603971,0.085948,0.0,0.0,0.236646,0.381769,0.042416
2024-05-06,0.603531,0.08596,0.0,0.0,0.236695,0.381769,0.042434
2024-05-07,0.605081,0.085973,0.0,0.0,0.236817,0.382766,0.042441
2024-05-08,0.605803,0.085986,0.0,0.0,0.23684,0.382766,0.042447
2024-05-09,0.607597,0.085998,0.0,0.0,0.236763,0.382766,0.042453
2024-05-10,0.606309,0.086036,0.0,0.0,0.236808,0.382766,0.04246
2024-05-11,0.606364,0.086036,0.0,0.0,0.236831,0.382766,0.04246
2024-05-12,0.606364,0.086036,0.0,0.0,0.236876,0.382766,0.04246
2024-05-13,0.598965,0.086049,0.0,0.0,0.236899,0.381066,0.042478
2024-05-14,0.641395,0.103064,0.0,0.0,0.23705,0.381066,0.042484
2024-05-15,0.645373,0.104297,0.0,0.0,0.237073,0.381066,0.04249
2024-05-16,0.643914,0.107312,0.0,0.0,0.237118,0.427016,0.042496
2024-05-17,0.638685,0.0998,0.0,0.0,0.24934,0.427016,0.042504
2024-05-18,0.636052,0.114797,0.0,0.0,0.249347,0.427016,0.042504
2024-05-19,0.636052,0.114797,0.0,0.0,0.249394,0.427016,0.042504
2024-05-20,0.636326,0.114814,0.0,0.0,0.267903,0.427016,0.042522
2024-05-21,0.637749,0.115554,0.0,0.0,0.249388,0.442282,0.042528
2024-05-22,0.638387,0.115571,0.0,0.0,0.249512,0.448505,0.047534
2024-05-23,0.637272,0.114333,0.0,0.0,0.24956,0.451081,0.054741
2024-05-24,0.660554,0.11134,0.0,0.0,0.249587,0.453512,0.060345
2024-05-25,0.657161,0.11134,0.0,0.0,0.249635,0.453512,0.062844
2024-05-26,0.657161,0.11134,0.0,0.0,0.249659,0.453512,0.062844
2024-05-27,0.657222,0.11134,0.0,0.0,0.249707,0.453512,0.062844
2024-05-28,0.658255,0.111356,0.0,0.0,0.25577,0.473091,0.065346
2024-05-29,0.657794,0.111373,0.0,0.0,0.250208,0.454091,0.065354
2024-05-30,0.658324,0.111389,0.0,0.0,0.250256,0.454091,0.06637
2024-05-31,0.657565,0.111438,0.0,0.0,0.250272,0.456256,0.066482
2024-06-01,0.65758,0.114154,0.0,0.0,0.25032,0.456256,0.066482
2024-06-02,0.657581,0.114154,0.0,0.0,0.250344,0.456256,0.066482
2024-06-03,0.660854,0.114171,0.0,0.0,0.252153,0.462543,0.06651
2024-06-04,0.661689,0.12919,0.0,0.0,0.286436,0.46287,0.06652
2024-06-05,0.662284,0.13371,0.0,0.0,0.286491,0.46287,0.074045
2024-06-06,0.662168,0.133729,0.0,0.0,0.286524,0.46287,0.081106
2024-06-07,0.66253,0.133788,0.0,0.0,0.31523,0.46327,0.088725
2024-06-08,0.662524,0.133788,0.0,0.0,0.315261,0.46327,0.088725
2024-06-09,0.662525,0.133788,0.0,0.0,0.315321,0.46327,0.089725
2024-06-10,0.662653,0.133808,0.0,0.0,0.315351,0.46227,0.092282
2024-06-11,0.662435,0.133827,0.0,0.0,0.315411,0.46227,0.092855
2024-06-12,0.661012,0.133848,0.0,0.0,0.327443,0.46227,0.093688
2024-06-13,0.660677,0.133868,0.0,0.0,0.32751,0.46727,0.101822
2024-06-14,0.665464,0.133927,0.0,0.0,0.327542,0.462722,0.102012
2024-06-15,0.665478,0.133927,0.0,0.0,0.327574,0.462722,0.101812
2024-06-16,0.665479,0.133927,0.0,0.0,0.327636,0.462722,0.101812
2024-06-17,0.666124,0.133946,0.0,0.0,0.327668,0.462722,0.10664
2024-06-18,0.66641,0.128868,0.0,0.0,0.32773,0.462722,0.105325
2024-06-19,0.666406,0.128868,0.0,0.0,0.327762,0.462722,0.105325
2024-06-20,0.666899,0.128887,0.0,0.0,0.327825,0.481422,0.107155
2024-06-21,0.675108,0.128943,0.0,0.0,0.327857,0.481422,0.110298
2024-06-22,0.675353,0.128943,0.0,0.0,0.327919,0.481422,0.110298
2024-06-23,0.676031,0.128943,0.0,0.0,0.327951,0.481422,0.110298
2024-06-24,0.6834,0.128962,0.0,0.0,0.328013,0.481422,0.110346
2024-06-25,0.693311,0.128981,0.0,0.0,0.328046,0.479456,0.110567
2024-06-26,0.744534,0.121497,0.0,0.0,0.328108,0.481811,0.110583
2024-06-27,0.744803,0.121515,0.0,0.0,0.32814,0.481811,0.112899
2024-06-28,0.745954,0.121568,0.0,0.0,0.328202,0.483311,0.114017
2024-06-29,0.745992,0.121568,0.0,0.0,0.328234,0.483311,0.114017
2024-06-30,0.747304,0.121568,0.0,0.0,0.328296,0.483311,0.114017
2024-07-01,0.746369,0.121586,0.0,0.0,0.330838,0.486461,0.115719
2024-07-02,0.751582,0.102567,0.0,0.0,0.330901,0.486461,0.120121
2024-07-03,0.756127,0.102597,0.0,0.0,0.330986,0.486461,0.122456
2024-07-04,0.760234,0.102597,0.0,0.0,0.331049,0.486461,0.123336
2024-07-05,0.762659,0.102642,0.0,0.0,0.331081,0.491831,0.124798
2024-07-06,0.761859,0.102642,0.0,0.0,0.331144,0.491831,0.124798
2024-07-07,0.761861,0.102642,0.0,0.0,0.331176,0.491831,0.12486
2024-07-08,0.761496,0.102657,0.0,0.0,0.331144,0.502812,0.126232
2024-07-09,0.761355,0.102673,0.0,0.0,0.331176,0.502812,0.126191
2024-07-10,0.759001,0.102688,0.0,0.0,0.331239,0.503668,0.134008
2024-07-11,0.77742,0.095647,0.0,0.0,0.331242,0.523668,0.140636
2024-07-12,0.778699,0.085418,0.0,0.0,0.330226,0.524868,0.145965
2024-07-13,0.778729,0.085418,0.0,0.0,0.330288,0.524868,0.150001
2024-07-14,0.778732,0.085418,0.0,0.0,0.33032,0.524868,0.152493
2024-07-15,0.785942,0.08543,0.0,0.0,0.333383,0.528868,0.154011
2024-07-16,0.783351,0.085443,0.0,0.0,0.340417,0.517868,0.155197
2024-07-17,0.784391,0.081454,0.0,0.0,0.340482,0.51931,0.158254
2024-07-18,0.784536,0.081465,0.0,0.0,0.340514,0.51931,0.15888
2024-07-19,0.792402,0.081501,0.0,0.0,0.340579,0.526833,0.162475
2024-07-20,0.793124,0.081501,0.0,0.0,0.340612,0.526833,0.165674
2024-07-21,0.793127,0.081501,0.0,0.0,0.340046,0.526833,0.170385
2024-07-22,0.793521,0.081513,0.0,0.0,0.340709,0.527645,0.171454
2024-07-23,0.794112,0.081525,0.0,0.0,0.340773,0.527645,0.172642
2024-07-24,0.791895,0.081537,0.0,0.0,0.331707,0.527645,0.173548
2024-07-25,0.782415,0.081549,0.0,0.0,0.33177,0.508471,0.174562
2024-07-26,0.785012,0.081585,0.0,0.0,0.322994,0.508471,0.151914
2024-07-27,0.785341,0.081595,0.0,0.0,0.323055,0.508471,0.155691
2024-07-28,0.78929,0.081595,0.0,0.0,0.324138,0.508471,0.158448
2024-07-29,0.7884,0.081607,0.0,0.0,0.344047,0.519026,0.16061
2024-07-30,0.798029,0.08887,0.0,0.0,0.331992,0.519026,0.16544
2024-07-31,0.795659,0.088883,0.0,0.0,0.332155,0.521016,0.167747
2024-08-01,0.800084,0.088896,0.0,0.0,0.332187,0.522809,0.171282
2024-08-02,0.801249,0.086874,0.0,0.0,0.332249,0.522809,0.17142
2024-08-03,0.803334,0.086671,0.0,0.0,0.332282,0.522809,0.172538
2024-08-04,0.803339,0.086671,0.0,0.0,0.332344,0.522809,0.173466
2024-08-05,0.798704,0.086683,0.0,0.0,0.332376,0.508337,0.172815
2024-08-06,0.792609,0.06964,0.0,0.0,0.331387,0.510336,0.172411
2024-08-07,0.792868,0.077652,0.0,0.0,0.331419,0.510336,0.172027
2024-08-08,0.793542,0.077663,0.0,0.0,0.331481,0.513386,0.179403
2024-08-09,0.793682,0.077697,0.0,0.0,0.331513,0.513386,0.18484
2024-08-10,0.793718,0.08798,0.0,0.0,0.331575,0.513386,0.188253
2024-08-11,0.793733,0.08798,0.0,0.0,0.331607,0.513386,0.191798
2024-08-12,0.795447,0.087993,0.0,0.0,0.33167,0.517669,0.196298
2024-08-13,0.812517,0.088006,0.0,0.0,0.331702,0.517669,0.20099
2024-08-14,0.799729,0.091782,0.0,0.0,0.331764,0.517669,0.202564
2024-08-15,0.799562,0.091795,0.0,0.0,0.331796,0.502669,0.204395
2024-08-16,0.799943,0.091836,0.0,0.0,0.331859,0.502669,0.206663
2024-08-17,0.799977,0.091836,0.0,0.0,0.331891,0.502669,0.207098
2024-08-18,0.799983,0.091836,0.0,0.0,0.331953,0.502669,0.208586
2024-08-19,0.800944,0.091849,0.0,0.0,0.329458,0.502669,0.211022
2024-08-20,0.800293,0.091862,0.0,0.0,0.329518,0.502669,0.21412
2024-08-21,0.801089,0.09302,0.0,0.0,0.329741,0.502669,0.219684
2024-08-22,0.80695,0.0961,0.0,0.0,0.329812,0.502669,0.222494
2024-08-23,0.807373,0.096142,0.0,0.0,0.353841,0.502669,0.226483
2024-08-24,0.807413,0.096142,0.0,0.0,0.353913,0.502669,0.227335
2024-08-25,0.80539,0.096142,0.0,0.0,0.353947,0.502669,0.23089
2024-08-26,0.810289,0.096157,0.0,0.0,0.354014,0.509546,0.233638
2024-08-27,0.832674,0.09617,0.0,0.0,0.37205,0.509546,0.236297
2024-08-28,0.83225,0.093181,0.0,0.0,0.374336,0.502546,0.237883
2024-08-29,0.839242,0.09407,0.0,0.0,0.374364,0.502546,0.23892
2024-08-30,0.839318,0.094124,0.0,0.0,0.374434,0.502546,0.241069
2024-08-31,0.839379,0.094624,0.0,0.0,0.37447,0.502546,0.242339
2024-09-01,0.839379,0.094624,0.0,0.0,0.374532,0.502546,0.245305
2024-09-02,0.851387,0.094624,0.0,0.0,0.374577,0.502546,0.247212
2024-09-03,0.857266,0.094638,0.0,0.0,0.374647,0.5172,0.247305
2024-09-04,0.855382,0.096197,0.0,0.0,0.374692,0.5172,0.246385
2024-09-05,0.868668,0.096476,0.0,0.0,0.374762,0.514518,0.247294
2024-09-06,0.940134,0.096517,0.0,0.0,0.384791,0.514518,0.24733
2024-09-07,0.940223,0.096517,0.0,0.0,0.384872,0.514518,0.247952
2024-09-08,0.940742,0.096517,0.0,0.0,0.384909,0.514518,0.249371
2024-09-09,0.941805,0.096531,0.0,0.0,0.384981,0.514797,0.250491
2024-09-10,0.93982,0.096678,0.0,0.0,0.385018,0.514797,0.253577
2024-09-11,0.95404,0.096692,0.0,0.0,0.385191,0.514797,0.254969
2024-09-12,0.947728,0.096883,0.0,0.0,0.385228,0.519797,0.255105
2024-09-13,0.946335,0.096924,0.0,0.0,0.385301,0.52006,0.255414
2024-09-14,0.947661,0.096924,0.0,0.0,0.385339,0.52006,0.259394
2024-09-15,0.949737,0.096924,0.0,0.0,0.385411,0.52006,0.263473
2024-09-16,0.953119,0.096938,0.0,0.0,0.385483,0.52006,0.265431
2024-09-17,0.953064,0.097736,0.0,0.0,0.38552,0.521667,0.266969
2024-09-18,0.973762,0.098452,0.0,0.0,0.385592,0.521917,0.267906
2024-09-19,0.971895,0.098466,0.0,0.0,0.385629,0.521917,0.267843
2024-09-20,0.973787,0.098583,0.0,0.0,0.388704,0.521917,0.270332
2024-09-21,0.97456,0.098583,0.0,0.0,0.388741,0.521917,0.271541
2024-09-22,0.97456,0.098583,0.0,0.0,0.388814,0.521917,0.274006
2024-09-23,0.97918,0.098597,0.0,0.0,0.388851,0.522264,0.276847
2024-09-24,0.958747,0.100417,0.0,0.0,0.388924,0.522264,0.278513
2024-09-25,0.962877,0.100431,0.0,0.0,0.388952,0.513264,0.28279
2024-09-26,0.967824,0.100445,0.0,0.0,0.394065,0.513264,0.287256
2024-09-27,0.970172,0.100488,0.0,0.0,0.394104,0.513264,0.290167
2024-09-28,0.971279,0.101488,0.0,0.0,0.394178,0.513264,0.292839
2024-09-29,0.972808,0.101488,0.0,0.0,0.394186,0.513264,0.294142
2024-09-30,0.972887,0.101503,0.0,0.0,0.409372,0.518264,0.295287
2024-10-01,0.981782,0.102822,0.0,0.0,0.428729,0.519712,0.297873
2024-10-02,0.985508,0.103164,0.0,0.0,0.42878,0.512416,0.299177
2024-10-03,0.997369,0.103178,0.0,0.0,0.429065,0.523616,0.306306
2024-10-04,0.99711,0.103221,0.0,0.0,0.429107,0.537116,0.31042
2024-10-05,0.99634,0.103221,0.0,0.0,0.429177,0.537116,0.312633
2024-10-06,0.986347,0.103221,0.0,0.0,0.429228,0.537116,0.314253
2024-10-07,0.9884,0.103235,0.0,0.0,0.429308,0.522366,0.314882
2024-10-08,0.995094,0.108444,0.0,0.0,0.429349,0.522366,0.317154
2024-10-09,0.995318,0.10867,0.0,0.0,0.429227,0.522366,0.319124
2024-10-10,0.995794,0.109146,0.0,0.0,0.430068,0.531889,0.322418
2024-10-11,0.993411,0.109205,0.0,0.0,0.43011,0.550564,0.331833
2024-10-12,0.993507,0.108112,0.0,0.0,0.424877,0.550564,0.333195
2024-10-13,0.993507,0.108112,0.0,0.0,0.424918,0.550564,0.333258
2024-10-14,0.997278,0.108112,0.0,0.0,0.430311,0.550564,0.333779
2024-10-15,0.997409,0.108127,0.0,0.0,0.430352,0.557767,0.33451
2024-10-16,0.986011,0.113027,0.0,0.0,0.430432,0.547767,0.336145
2024-10-17,0.992134,0.115328,0.0,0.0,0.427368,0.547767,0.337146
2024-10-18,0.992005,0.115374,0.0,0.0,0.427394,0.550987,0.358566
2024-10-19,0.991203,0.118087,0.0,0.0,0.427473,0.550987,0.358911
2024-10-20,0.991212,0.118087,0.0,0.0,0.427514,0.550987,0.361391
2024-10-21,0.991007,0.118103,0.0,0.0,0.432792,0.550987,0.369019
2024-10-22,0.993198,0.118119,0.0,0.0,0.432788,0.550987,0.382123
2024-10-23,0.98416,0.105915,0.0,0.0,0.432914,0.539987,0.384546
2024-10-24,0.985733,0.105929,0.0,0.0,0.432956,0.529737,0.387176
2024-10-25,0.986007,0.104448,0.0,0.0,0.432897,0.529737,0.387208
2024-10-26,0.986046,0.104448,0.0,0.0,0.432977,0.529737,0.387348
2024-10-27,0.986055,0.104448,0.0,0.0,0.433019,0.529737,0.395081
2024-10-28,0.986012,0.104462,0.0,0.0,0.433099,0.534737,0.395735
2024-10-29,0.986232,0.107176,0.0,0.0,0.43314,0.533537,0.396351
2024-10-30,0.979702,0.10754,0.0,0.0,0.433221,0.523537,0.397994
2024-10-31,0.948138,0.107051,0.0,0.0,0.434263,0.523537,0.381837
2024-11-01,0.961996,0.105565,0.0,0.0,0.437304,0.533502,0.380677
2024-11-02,0.96179,0.107969,0.0,0.0,0.437385,0.533502,0.380377
2024-11-03,0.96179,0.107969,0.0,0.0,0.437427,0.533502,0.379046
2024-11-04,0.954453,0.108011,0.0,0.0,0.440218,0.533502,0.378067
2024-11-05,0.941844,0.110076,0.0,0.0,0.44026,0.515502,0.383773
2024-11-06,0.943318,0.100984,0.0,0.0,0.440302,0.515502,0.379023
2024-11-07,0.943042,0.102425,0.0,0.0,0.440392,0.515002,0.378268
2024-11-08,0.942333,0.102438,0.0,0.0,0.440434,0.515002,0.379494
2024-11-09,0.942533,0.102939,0.0,0.0,0.440516,0.515002,0.381282
2024-11-10,0.94254,0.102939,0.0,0.0,0.440552,0.515002,0.382468
2024-11-11,0.942879,0.102939,0.0,0.0,0.456289,0.515002,0.38519
2024-11-12,0.93812,0.102993,0.0,0.0,0.440674,0.521531,0.387195
2024-11-13,0.944619,0.101082,0.0,0.0,0.44075,0.544471,0.385593
2024-11-14,0.946596,0.101095,0.0,0.0,0.440831,0.542495,0.391155
2024-11-15,0.946827,0.101109,0.0,0.0,0.440873,0.541795,0.395969
2024-11-16,0.94687,0.101109,0.0,0.0,0.440916,0.541795,0.397069
2024-11-17,0.94687,0.101109,0.0,0.0,0.440996,0.541795,0.403504
2024-11-18,0.945641,0.101148,0.0,0.0,0.441039,0.541795,0.414384
2024-11-19,0.948894,0.101161,0.0,0.0,0.44112,0.536295,0.431475
2024-11-20,0.949855,0.099186,0.0,0.0,0.441161,0.536295,0.440505
2024-11-21,0.949576,0.099199,0.0,0.0,0.441311,0.536395,0.445604
2024-11-22,0.951191,0.099211,0.0,0.0,0.441393,0.536395,0.469556
2024-11-23,0.951228,0.099211,0.0,0.0,0.441434,0.536295,0.469912
2024-11-24,0.949548,0.099211,0.0,0.0,0.441512,0.536295,0.468614
2024-11-25,0.951686,0.099249,0.0,0.0,0.445581,0.530295,0.492416
2024-11-26,0.951908,0.099262,0.0,0.0,0.445548,0.530295,0.487918
2024-11-27,0.947607,0.096171,0.0,0.0,0.445707,0.533295,0.486981
2024-11-28,0.947663,0.099171,0.0,0.0,0.454745,0.533295,0.504904
2024-11-29,0.951597,0.099196,0.0,0.0,0.454859,0.533295,0.50933
2024-11-30,0.951642,0.099196,0.00522,0.0,0.454883,0.533295,0.521036
2024-12-01,0.950432,0.099196,0.00522,0.0,0.454898,0.533295,0.534376
2024-12-02,0.952653,0.099234,0.00522,0.0,0.45505,0.539989,0.543928
2024-12-03,0.958433,0.099247,0.00522,0.0,0.455264,0.550939,0.555835
2024-12-04,0.951981,0.099259,0.00522,0.0,0.455326,0.550939,0.561551
2024-12-05,0.950246,0.095572,0.00522,0.0,0.454301,0.525939,0.570353
2024-12-06,0.966089,0.095584,0.00522,0.0,0.453872,0.525939,0.598528
2024-12-07,0.96202,0.095585,0.00522,0.0,0.45356,0.525939,0.64305
2024-12-08,0.962004,0.095585,0.00522,0.0,0.453608,0.525939,0.677134
2024-12-09,0.955022,0.095621,0.00522,0.0,0.453543,0.525939,0.698012
2024-12-10,0.955699,0.097634,0.00522,0.0,0.445056,0.550939,0.741429
2024-12-11,0.975755,0.097646,0.00522,0.0,0.444664,0.561539,0.82344
2024-12-12,0.976098,0.097659,0.00522,0.0,0.442292,0.561539,0.86008
2024-12-13,0.973216,0.097671,0.00522,0.0,0.442143,0.561539,0.871094
2024-12-14,0.973253,0.097671,0.00522,0.0,0.442168,0.561539,0.877106
2024-12-15,0.966406,0.097671,0.00522,0.0,0.442142,0.561539,0.883924
2024-12-16,0.964197,0.097708,0.00522,0.0,0.43951,0.544539,0.896726
2024-12-17,0.964611,0.09772,0.00522,0.0,0.442171,0.544539,0.906819
2024-12-18,0.965804,0.097364,0.00522,0.0,0.44218,0.544539,1.052231
2024-12-19,0.983673,0.097377,0.00522,0.0,0.442188,0.549764,1.245855
2024-12-20,0.985079,0.096601,0.00522,0.0,0.442126,0.549869,1.410046
2024-12-21,0.985551,0.096601,0.00522,0.0,0.442131,0.549869,1.432494
2024-12-22,0.985657,0.096601,0.00522,0.0,0.442142,0.549869,1.446926
2024-12-23,1.039101,0.096636,0.00522,0.0,0.442187,0.55537,1.485273
2024-12-24,1.043458,0.095633,0.00522,0.0,0.442216,0.620649,1.576614
2024-12-25,1.043632,0.095633,0.00522,0.0,0.442196,0.620649,1.643203
2024-12-26,1.041657,0.095656,0.00522,0.0,0.442231,0.621799,1.718129
2024-12-27,1.044787,0.095668,0.00522,0.0,0.44226,0.621799,1.776996
2024-12-28,1.044471,0.095668,0.00522,0.0,0.442267,0.621799,1.787441
2024-12-29,1.044589,0.095668,0.00522,0.0,0.44232,0.621799,1.80037
2024-12-30,1.04557,0.095702,0.00522,0.0,0.442317,0.621799,1.769024
2024-12-31,1.042935,0.095713,0.00522,0.0,0.442362,0.64855,1.634055
2025-01-01,1.041949,0.095713,0.00522,0.0,0.442402,0.64855,1.67556
2025-01-02,1.043667,0.095736,0.00522,0.0,0.44248,0.651345,1.738877
2025-01-03,1.038105,0.094988,0.00522,0.0,0.442522,0.651346,1.773782
2025-01-04,1.038155,0.099888,0.00522,0.0,0.442543,0.651346,1.811425
2025-01-05,1.038162,0.099888,0.00522,0.0,0.442596,0.651346,1.842431
2025-01-06,1.040406,0.099923,0.00522,0.0,0.442544,0.647491,1.863289
2025-01-07,1.043383,0.100935,0.00522,0.0,0.442686,0.652491,1.853038
2025-01-08,1.03881,0.100947,0.00522,0.0,0.442711,0.65275,1.778741
2025-01-09,1.043931,0.096552,0.00522,0.0,0.44751,0.64075,1.648085
2025-01-10,1.04297,0.100522,0.00522,0.0,0.447553,0.64075,1.577758
2025-01-11,1.04301,0.100522,0.00522,0.0,0.447595,0.64075,1.5433
2025-01-12,1.043009,0.100522,0.00522,0.0,0.447636,0.64075,1.535523
2025-01-13,1.037907,0.100557,0.00522,0.0,0.447715,0.64175,1.536013
2025-01-14,1.035506,0.098147,0.00522,0.0,0.447754,0.634448,1.526172
2025-01-15,1.01555,0.10821,0.00522,0.0,0.377776,0.634779,1.483947
2025-01-16,1.013855,0.108222,0.00522,0.0,0.377856,0.634779,1.473739
2025-01-17,1.018436,0.108235,0.00522,0.0,0.38089,0.634879,1.462296
2025-01-18,1.0174,0.108235,0.00522,0.0,0.380925,0.634879,1.457189
2025-01-19,1.01653,0.108235,0.00522,0.0,0.380957,0.634879,1.310977
2025-01-20,1.032187,0.108235,0.00522,0.0,0.380449,0.634879,1.254963
2025-01-21,1.016044,0.108286,0.00522,0.0,0.380517,0.635778,1.239211
2025-01-22,1.017305,0.108299,0.00522,0.0,0.379759,0.635679,1.236479
2025-01-23,1.017911,0.108891,0.00522,0.0,0.379794,0.642185,1.231672
2025-01-24,1.022794,0.108904,0.00522,0.0,0.379816,0.641503,1.231993
2025-01-25,1.024135,0.108904,0.00522,0.0,0.37989,0.641503,1.227079
2025-01-26,1.024645,0.108904,0.00522,0.0,0.379917,0.641503,1.222204
2025-01-27,1.020802,0.108942,0.00522,0.0,0.37995,0.642156,1.206875
2025-01-28,1.023747,0.109801,0.00522,0.0,0.37998,0.629226,1.197889
2025-01-29,1.028066,0.101016,0.00522,0.0,0.380048,0.624784,1.192604
2025-01-30,1.029167,0.100934,0.00522,0.0,0.380097,0.624851,1.191072
2025-01-31,1.084445,0.099345,0.00522,0.0,0.380489,0.637714,1.194195
2025-02-01,1.109494,0.106644,0.00522,0.0,0.380493,0.637714,1.192196
2025-02-02,1.109498,0.106644,0.00522,0.0,0.380553,0.637714,1.190948
2025-02-03,1.139963,0.106679,0.00522,0.0,0.380561,0.637908,1.171502
2025-02-04,1.194569,0.108327,0.00522,0.0,0.380593,0.619177,1.171625
2025-02-05,1.204335,0.10934,0.00522,0.0,0.380427,0.636406,1.166062
2025-02-06,1.218028,0.109229,0.00522,0.0,0.380491,0.636475,1.161529
2025-02-07,1.220726,0.109136,0.00522,0.0,0.380527,0.636544,1.161562
2025-02-08,1.220771,0.112051,0.00522,0.0,0.380559,0.636544,1.161562
2025-02-09,1.21768,0.112051,0.00522,0.0,0.380592,0.636544,1.160063
2025-02-10,1.218163,0.112089,0.00522,0.0,0.374626,0.636752,1.154045
2025-02-11,1.22327,0.109819,0.00522,0.0,0.374661,0.636821,1.153598
2025-02-12,1.232097,0.109718,0.00522,0.0,0.37638,0.642175,1.144994
2025-02-13,1.244557,0.10973,0.00522,0.0,0.376714,0.650288,1.133439
2025-02-14,1.248508,0.109817,0.00522,0.0,0.3768,0.650109,1.124406
2025-02-15,1.248608,0.11044,0.00522,0.0,0.376842,0.650109,1.124405
2025-02-16,1.248656,0.11044,0.00522,0.0,0.376877,0.650109,1.124007
2025-02-17,1.247112,0.11044,0.00522,0.0,0.376945,0.650109,1.123292
2025-02-18,1.354273,0.110489,0.00522,0.0,0.377008,0.65039,1.107555
2025-02-19,1.409041,0.10865,0.00522,0.0,0.377043,0.65246,1.102499
2025-02-20,1.469505,0.127897,0.00522,0.0,0.426767,0.641738,1.092612
2025-02-21,1.523411,0.122908,0.00522,0.0,0.426654,0.641808,1.077134
2025-02-22,1.530446,0.129651,0.00522,0.0,0.426697,0.641808,1.075331
2025-02-23,1.530446,0.129651,0.00522,0.0,0.426733,0.641808,1.074885
2025-02-24,1.531075,0.129695,0.00522,0.0,0.42677,0.641941,1.071501
2025-02-25,1.527395,0.129111,0.00522,0.0,0.426834,0.637391,1.046173
2025-02-26,1.527367,0.165197,0.00522,0.0,0.480675,0.620959,1.04311
2025-02-27,1.535298,0.163209,0.00522,0.0,0.520727,0.635746,1.041756
2025-02-28,1.561509,0.134941,0.00522,0.0,0.52077,0.624655,1.031392
2025-03-01,1.561548,0.132733,0.00522,0.0,0.550851,0.624655,1.020524
2025-03-02,1.563992,0.132733,0.00522,0.0,0.550906,0.624655,1.012395
2025-03-03,1.580612,0.132778,0.00522,0.0,0.55095,0.656859,1.011196
2025-03-04,1.595775,0.107311,0.00522,0.0,0.581005,0.660333,1.009261
2025-03-05,1.577721,0.107324,0.00522,0.0,0.58111,0.663364,0.985263
2025-03-06,1.567196,0.120696,0.00522,0.0,0.581157,0.668376,0.970083
2025-03-07,1.545363,0.117792,0.00522,0.0,0.581203,0.668449,0.953583
2025-03-08,1.544882,0.121435,0.00522,0.0,0.581258,0.668449,0.943731
2025-03-09,1.544881,0.121435,0.00522,0.0,0.581355,0.668449,0.933739
2025-03-10,1.546151,0.121476,0.00522,0.0,0.58141,0.668668,0.918946
2025-03-11,1.535216,0.12679,0.00522,0.0,0.581465,0.71878,0.909501
2025-03-12,1.560583,0.128008,0.00522,0.0,0.581573,0.798859,0.906837
2025-03-13,1.566276,0.137442,0.00522,0.0,0.581675,1.004446,0.865473
2025-03-14,1.569349,0.142433,0.00522,0.0,0.581729,1.244557,0.846845
2025-03-15,1.569394,0.141673,0.00522,0.0,0.581787,1.244557,0.846732
2025-03-16,1.569084,0.141673,0.00522,0.0,0.581894,1.244557,0.846632
2025-03-17,1.570032,0.14172,0.00522,0.0,0.581951,1.244971,0.829713
2025-03-18,1.550083,0.141481,0.00522,0.0,0.590467,1.234609,0.81166
2025-03-19,1.553753,0.152299,0.00522,0.0,0.59052,1.284745,0.806663
2025-03-20,1.54278,0.150469,0.00522,0.0,0.590623,1.284887,0.802911
2025-03-21,1.537002,0.154623,0.00522,0.0,0.590697,1.467629,0.781324
2025-03-22,1.537036,0.171833,0.00522,0.0,0.590752,1.467629,0.775888
2025-03-23,1.537028,0.171833,0.00522,0.0,0.59081,1.467629,0.766817
2025-03-24,1.55892,0.171889,0.00522,0.0,0.590921,1.722151,0.762161
2025-03-25,1.561979,0.173908,0.00522,0.0,0.590972,1.950058,0.749072
2025-03-26,1.56977,0.173897,0.00522,0.005,0.590997,1.955277,0.732891
2025-03-27,1.552173,0.187522,0.00522,0.010001,0.591054,1.959505,0.730876
2025-03-28,1.542277,0.184415,0.00522,0.010004,0.591138,1.934725,0.693068
2025-03-29,1.542982,0.200399,0.00522,0.010004,0.591193,1.934725,0.683
2025-03-30,1.542869,0.200399,0.00522,0.010004,0.591247,1.934725,0.680455
2025-03-31,1.561728,0.200466,0.00522,0.010005,0.591353,1.928377,0.660982
2025-04-01,1.565329,0.194685,0.00522,0.010006,0.582931,1.936345,0.656609
2025-04-02,1.570325,0.189633,0.00522,0.015007,0.582954,1.944518,0.650277
2025-04-03,1.595393,0.188677,0.00522,0.015008,0.583008,1.964688,0.625068
2025-04-04,1.611998,0.186751,0.00522,0.015013,0.583062,1.96991,0.605089
2025-04-05,1.612044,0.188474,0.00522,0.015013,0.583166,1.96991,0.597198
2025-04-06,1.612035,0.188474,0.00522,0.015013,0.583211,1.96991,0.569315
2025-04-07,1.605207,0.188539,0.00522,0.015014,0.583272,1.975787,0.554305
2025-04-08,1.61158,0.287431,0.00522,0.015016,0.583327,2.004958,0.554366
2025-04-09,1.614754,0.287463,0.00522,0.015018,0.583419,2.166197,0.55443
2025-04-10,1.621051,0.287498,0.00522,0.015019,0.583468,2.316324,0.54907
2025-04-11,1.624044,0.284531,0.00522,0.015024,0.583523,2.445452,0.534286
2025-04-12,1.624083,0.285849,0.00522,0.015024,0.583576,2.445452,0.526168
2025-04-13,1.62529,0.28553,0.00522,0.015024,0.583545,2.445452,0.526168
2025-04-14,1.643059,0.335629,0.00522,0.015025,0.583097,2.446281,0.524001
2025-04-15,1.653665,0.330615,0.00522,0.015027,0.583151,2.458827,0.522474
2025-04-16,1.655322,0.340653,0.00522,0.015028,0.583203,2.469969,0.521348
2025-04-17,1.668393,0.339733,0.00522,0.015035,0.583305,2.471082,0.520961
2025-04-18,1.654685,0.339044,0.00522,0.015035,0.58336,2.471082,0.519752
2025-04-19,1.653334,0.339044,0.00522,0.015035,0.583412,2.471082,0.518349
2025-04-20,1.653099,0.338725,0.00522,0.015035,0.583464,2.471082,0.518349
2025-04-21,1.666914,0.339408,0.00522,0.015036,0.583567,2.452197,0.489968
2025-04-22,1.691511,0.489462,0.00522,0.015038,0.583622,2.475974,0.488759
2025-04-23,1.697195,0.50272,0.00522,0.015039,0.583438,2.523251,0.487413
2025-04-24,1.699472,0.497988,0.00522,0.015041,0.583236,2.533335,0.484457
2025-04-25,1.75716,0.491165,0.00522,0.015046,0.583032,2.556559,0.476918
2025-04-26,1.757351,0.488464,0.00522,0.015046,0.583137,2.556559,0.476058
2025-04-27,1.756941,0.488464,0.00522,0.015046,0.583193,2.544559,0.4732
2025-04-28,1.755871,0.488629,0.00522,0.015047,0.583293,2.547445,0.473363
2025-04-29,1.757104,0.488684,0.00522,0.015049,0.583345,2.553295,0.450066
2025-04-30,1.766037,0.488739,0.00522,0.01505,0.583153,2.726397,0.444048
2025-05-01,1.794409,0.488794,0.00522,0.015052,0.583205,2.868355,0.442647
2025-05-02,1.818089,0.488848,0.00522,0.015057,0.583248,2.87868,0.441824
2025-05-03,1.818091,0.488848,0.00522,0.015057,0.583302,2.87868,0.441824
2025-05-04,1.818091,0.488848,0.00522,0.015057,0.583405,2.87868,0.441824
2025-05-05,1.833593,0.489012,0.00522,0.015058,0.633466,2.879658,0.441976
2025-05-06,1.875541,0.489065,0.00522,0.01506,0.633522,2.864983,0.442026
2025-05-07,1.898748,0.491041,0.00522,0.015061,0.631478,2.863804,0.442077
2025-05-08,1.93566,0.484038,0.00522,0.015063,0.631592,2.873446,0.441213
2025-05-09,1.95286,0.475074,0.00522,0.015068,0.63164,2.91675,0.442067
2025-05-10,1.951908,0.481397,0.00522,0.015068,0.631703,2.91675,0.442067
2025-05-11,1.951904,0.481397,0.00522,0.015068,0.631759,2.91675,0.442067
2025-05-12,1.966999,0.480451,0.00522,0.015069,0.631873,2.913524,0.438617
2025-05-13,1.990768,0.481081,0.00522,0.015071,0.63192,2.917571,0.436428
2025-05-14,1.995754,0.504295,0.00522,0.015072,0.631988,2.880228,0.431685
2025-05-15,2.028524,0.509431,0.00522,0.015074,0.632033,2.877851,0.431731
2025-05-16,2.072292,0.536545,0.00522,0.015079,0.632156,2.889024,0.43178
2025-05-17,2.072345,0.538468,0.00522,0.015079,0.632215,2.889024,0.431695
2025-05-18,2.072345,0.538496,0.00522,0.015079,0.632274,2.889024,0.431204
2025-05-19,2.091245,0.538677,0.00522,0.01508,0.632334,2.900506,0.430984
2025-05-20,2.096897,0.538334,0.00522,0.015082,0.632351,2.902131,0.429771
2025-05-21,2.099009,0.517396,0.00522,0.015083,0.632411,2.907538,0.428094
2025-05-22,2.118963,0.534016,0.00522,0.015085,0.632482,2.907863,0.423527
2025-05-23,2.167813,0.531731,0.00522,0.015091,0.632539,2.922443,0.400894
2025-05-24,2.16789,0.538189,0.00522,0.015091,0.632651,2.922443,0.399585
2025-05-25,2.16789,0.537515,0.00522,0.015091,0.632709,2.922443,0.395425
2025-05-26,2.167994,0.536296,0.00522,0.015091,0.632768,2.922443,0.394302
2025-05-27,2.16811,0.536536,0.00522,0.015103,0.632827,2.92375,0.390096
2025-05-28,2.184539,0.522323,0.00522,0.015104,0.63294,2.919902,0.385779
2025-05-29,2.21369,0.522051,0.00522,0.015306,0.632998,2.920231,0.38319
2025-05-30,2.236162,0.52158,0.00522,0.015308,0.633052,2.92056,0.382127
2025-05-31,2.236319,0.520381,0.00522,0.015309,0.633112,2.92056,0.378148
2025-06-01,2.236324,0.519473,0.00522,0.015311,0.633226,2.92056,0.377708
2025-06-02,2.332142,0.519652,0.00522,0.015312,0.633295,2.91905,0.377839
2025-06-03,2.357718,0.516802,0.00522,0.015314,0.633139,2.912179,0.377882
2025-06-04,2.350354,0.520611,0.00522,0.015316,0.633196,2.912394,0.377501
2025-06-05,2.372609,0.506586,0.00522,0.015317,0.633308,2.912308,0.375471
2025-06-06,2.381723,0.506772,0.00522,0.015319,0.633367,2.912385,0.364459
2025-06-07,2.381871,0.496649,0.00522,0.01532,0.633318,2.912385,0.363778
2025-06-08,2.381955,0.496473,0.00522,0.015322,0.633376,2.912385,0.363147
2025-06-09,2.347686,0.506839,0.00522,0.015323,0.633491,2.895113,0.353684
2025-06-10,2.348044,0.511229,0.00522,0.015325,0.684317,2.899346,0.352586
2025-06-11,2.338228,0.532878,0.00522,0.015327,0.684375,2.899771,0.354394
2025-06-12,2.33825,0.534438,0.00522,0.015328,0.684437,2.896095,0.342203
2025-06-13,2.357684,0.53906,0.00522,0.01533,0.684559,2.89642,0.339689
2025-06-14,2.357893,0.539257,0.00522,0.015331,0.684623,2.89642,0.339689
2025-06-15,2.359215,0.539232,0.00522,0.015333,0.684686,2.89642,0.339689
2025-06-16,2.359817,0.541619,0.00522,0.015335,0.684749,2.904572,0.339493
2025-06-17,2.369668,0.543883,0.00522,0.015336,0.684872,2.899999,0.337927
2025-06-18,2.368437,0.550579,0.00522,0.015338,0.685645,2.895313,0.332393
2025-06-19,2.368809,0.551528,0.00522,0.015339,0.685708,2.895313,0.328805
2025-06-20,2.372567,0.553851,0.00522,0.015341,0.685771,2.891612,0.326531
2025-06-21,2.372711,0.558826,0.00522,0.015342,0.685893,2.891612,0.325734
2025-06-22,2.372789,0.558698,0.00522,0.015344,0.685955,2.891612,0.323795
2025-06-23,2.378824,0.560885,0.00522,0.015346,0.686019,2.887561,0.322162
2025-06-24,2.391571,0.561862,0.00522,0.015347,0.686083,2.883884,0.318264
2025-06-25,2.390883,0.565206,0.00522,0.015349,0.686205,2.883928,0.316156
2025-06-26,2.393653,0.568051,0.00522,0.01535,0.686268,2.878153,0.311099
2025-06-27,2.399044,0.56008,0.00522,0.015352,0.686331,2.873602,0.309361
2025-06-28,2.401163,0.559165,0.00522,0.015353,0.686455,2.873602,0.309041
2025-06-29,2.401971,0.559488,0.00522,0.015355,0.686518,2.873602,0.309041
2025-06-30,2.415684,0.567231,0.00522,0.015356,0.686565,2.863045,0.303229
2025-07-01,2.416988,0.562889,0.00522,0.015358,0.686627,2.858545,0.299904
2025-07-02,2.445155,0.55595,0.00522,0.01536,0.686751,2.845871,0.2973
2025-07-03,2.462611,0.550125,0.00522,0.015361,0.686814,2.833938,0.319247
2025-07-04,2.464717,0.546711,0.00522,0.015363,0.686877,2.833938,0.317166
2025-07-05,2.461937,0.547937,0.00522,0.015364,0.68694,2.833938,0.317166
2025-07-06,2.462,0.548048,0.00522,0.015366,0.687064,2.833938,0.317166
2025-07-07,2.607142,0.548538,0.00522,0.015367,0.68718,2.83022,0.308067
2025-07-08,2.608256,0.550305,0.00522,0.015369,0.687244,2.83054,0.306104
2025-07-09,2.609372,0.555415,0.00522,0.015371,0.687328,2.830861,0.302392
2025-07-10,2.615139,0.555038,0.00522,0.016372,0.687452,2.831181,0.303602
2025-07-11,2.624453,0.556623,0.0045,0.016374,0.687516,2.826501,0.302937
2025-07-12,2.624518,0.570394,0.0045,0.016375,0.687579,2.826501,0.299008
2025-07-13,2.62474,0.570728,0.0045,0.016377,0.687643,2.826501,0.298698
2025-07-14,2.64461,0.570199,0.0045,0.016379,0.687773,2.82746,0.298639
2025-07-15,2.650755,0.57199,0.0045,0.01638,0.687836,2.827781,0.297638
2025-07-16,2.643131,0.567607,0.0045,0.017381,0.687899,2.823106,0.297294
2025-07-17,2.682942,0.569124,0.0045,0.017383,0.688022,2.806627,0.28078
2025-07-18,2.656907,0.268468,0.0045,0.021385,0.688111,2.611946,0.265471
2025-07-19,2.656593,0.273656,0.0045,0.021386,0.688174,2.611946,0.26452
2025-07-20,2.656677,0.272811,0.0045,0.021388,0.688244,2.611946,0.264284
2025-07-21,2.659531,0.27396,0.0045,0.02219,0.688365,2.418831,0.243697
2025-07-22,2.650513,0.27601,0.0045,0.022193,0.688428,2.419101,0.242078
2025-07-23,2.648451,0.276499,0.0045,0.025195,0.688489,2.412701,0.240934
2025-07-24,2.674334,0.281815,0.0045,0.025198,0.688553,2.412971,0.239977
2025-07-25,2.675297,0.279232,0.0045,0.0252,0.688677,2.413242,0.258273
2025-07-26,2.675536,0.272061,0.0045,0.025203,0.688741,2.413242,0.256662
2025-07-27,2.675468,0.270909,0.0045,0.025205,0.688775,2.413242,0.256331
2025-07-28,2.655139,0.271009,0.0045,0.025233,0.688872,2.414314,0.255241
2025-07-29,2.650134,0.24876,0.0045,0.025236,0.688995,2.414588,0.27483
2025-07-30,2.608801,0.247023,0.0045,0.025238,0.689057,2.414861,0.274262
2025-07-31,2.621694,0.241813,0.0045,0.025231,0.689122,2.411724,0.327031
2025-08-01,2.665892,0.265591,0.0,0.025234,0.689185,2.411998,0.376177
2025-08-02,2.666043,0.287482,0.0,0.025236,0.689308,2.411998,0.376016
2025-08-03,2.66616,0.288376,0.0,0.025239,0.689372,2.411998,0.376016
2025-08-04,2.658751,0.288772,0.0,0.025241,0.689436,2.312815,0.423446
2025-08-05,2.755879,0.28165,0.0,0.029242,0.689559,2.292936,0.420403
2025-08-06,2.749648,0.272463,0.0,0.029252,0.689629,2.293194,0.48962
2025-08-07,2.793171,0.275709,0.0,0.031255,0.689692,2.286579,0.489033
2025-08-08,2.792384,0.275657,0.0,0.031256,0.689757,2.286838,0.527086
2025-08-09,2.802216,0.275423,0.0,0.031259,0.68988,2.286838,0.52682
2025-08-10,2.804011,0.27789,0.0,0.031262,0.68993,2.286838,0.525242
2025-08-11,2.802762,0.277901,0.0,0.031266,0.689989,2.387617,0.523765
2025-08-12,2.823885,0.27842,0.0,0.031269,0.690049,2.377806,0.52352
2025-08-13,2.820417,0.269824,0.0,0.031272,0.690172,2.378076,0.523686
2025-08-14,3.199774,0.276207,0.0,0.031275,0.690244,2.388344,0.521914
2025-08-15,3.215034,0.27093,0.0,0.031279,0.690307,2.388614,0.523534
2025-08-16,3.216512,0.270913,0.0,0.031282,0.690371,2.388614,0.523534
2025-08-17,3.218301,0.272812,0.0,0.031285,0.690494,2.388614,0.523534
2025-08-18,3.24085,0.273724,0.0,0.032289,0.690573,2.389425,0.522107
2025-08-19,3.344236,0.281419,0.0,0.032292,0.690636,2.389695,0.522021
2025-08-20,3.45177,0.280266,0.0,0.033592,0.690759,2.389964,0.582077
2025-08-21,3.653385,0.280053,0.0,0.034326,0.690851,2.390232,0.577781
2025-08-22,3.661362,0.261618,0.0,0.034329,0.689651,2.390502,0.621955
2025-08-23,3.655393,0.258631,0.0,0.034333,0.689714,2.390502,0.621091
2025-08-24,3.660212,0.258503,0.0,0.034336,0.689836,2.390502,0.619338
2025-08-25,3.667628,0.258539,0.384283,0.03634,0.689901,2.391313,0.619541
2025-08-26,3.665805,0.262736,0.384456,0.036344,0.690941,2.396684,0.601691
2025-08-27,3.681928,0.275901,0.386892,0.036348,0.691004,2.396956,0.59959
2025-08-28,3.686514,0.249915,0.386932,0.036351,0.691128,2.397227,0.596986
2025-08-29,3.670188,0.254426,0.386979,0.036735,0.69121,2.397497,0.626959
2025-08-30,3.667977,0.264272,0.386979,0.036739,0.691274,2.397497,0.626821
2025-08-31,3.668355,0.264131,0.386979,0.036743,0.691396,2.397497,0.626443
2025-09-01,3.669579,0.261889,0.386979,0.036747,0.691459,2.397497,0.649252
2025-09-02,3.67827,0.261497,0.337126,0.04105,0.691523,2.348578,0.648573
2025-09-03,3.68261,0.260675,0.337163,0.041056,0.691586,2.246824,0.647098
2025-09-04,3.690222,0.25723,0.337207,0.04161,0.69165,2.247078,0.671405
2025-09-05,3.646469,0.280269,0.33725,0.051614,0.691774,2.247332,0.66948
2025-09-06,3.649079,0.301637,0.33725,0.051619,0.691814,2.247332,0.668529
2025-09-07,3.647118,0.267241,0.33725,0.051623,0.691877,2.247332,0.668283
2025-09-08,3.656572,0.266934,0.337381,0.051628,0.691941,2.248095,0.66707
2025-09-09,3.650265,0.244881,0.337414,0.052421,0.692064,2.248449,0.666298
2025-09-10,3.685287,0.240612,0.337446,0.052426,0.692127,2.208703,0.666162
2025-09-11,3.692958,0.240637,0.337484,0.05923,0.692191,2.208952,0.666187
2025-09-12,3.91869,0.277872,0.337484,0.059237,0.692236,2.2092,0.666264
2025-09-13,3.917354,0.315751,0.337484,0.059243,0.692359,2.2092,0.665932
2025-09-14,3.91909,0.315555,0.337484,0.059249,0.692422,2.2092,0.665762
2025-09-15,3.925511,0.253522,0.33762,0.059255,0.692421,2.209846,0.666791
2025-09-16,3.919874,0.260468,0.337663,0.059261,0.692549,2.160098,0.666236
2025-09-17,3.946749,0.268172,0.344708,0.058762,0.692671,2.158288,0.664235
2025-09-18,3.945659,0.257247,0.344753,0.057767,0.692733,2.108528,0.664226
2025-09-19,3.950187,0.271589,0.34528,0.057773,0.692797,2.10675,0.664299
2025-09-20,3.94217,0.279243,0.34528,0.057778,0.69286,2.10675,0.663854
2025-09-21,3.941125,0.283778,0.34528,0.057784,0.692983,2.10675,0.663196
2025-09-22,3.937211,0.280878,0.34538,0.05779,0.691272,2.103073,0.663252
2025-09-23,3.926598,0.286183,0.345381,0.057796,0.691335,2.103301,0.66277
2025-09-24,3.633451,0.366623,0.345455,0.057901,0.691398,2.103628,0.687493
2025-09-25,3.63673,0.605525,0.345482,0.058907,0.690813,2.102238,0.730033
2025-09-26,3.627533,0.582166,0.345507,0.058913,0.69089,2.14317,0.72489
2025-09-27,3.628625,0.539032,0.345507,0.058919,0.690934,2.14317,0.724029
2025-09-28,3.622669,0.538915,0.345507,0.058925,0.691012,2.14317,0.723944
2025-09-29,3.597223,0.479526,0.345615,0.058925,0.691089,2.494218,0.723493
2025-09-30,3.59538,0.483122,0.345648,0.061737,0.691164,2.649049,0.722567
2025-10-01,3.615987,0.497607,0.345684,0.061767,0.690728,2.699319,0.722162
2025-10-02,3.639235,0.519424,0.345684,0.061774,0.690752,2.799523,0.719572
2025-10-03,3.742153,0.528424,0.345764,0.06178,0.690826,2.829765,0.700735
2025-10-04,3.742595,0.530239,0.345764,0.061786,0.690826,2.829765,0.700735
2025-10-05,3.741448,0.530202,0.345764,0.061792,0.690975,2.829765,0.699895
2025-10-06,3.77171,0.529694,0.345862,0.066358,0.691049,2.835686,0.699159
2025-10-07,3.791966,0.538429,0.345895,0.066365,0.691123,2.829194,0.698149
2025-10-08,3.774089,0.534975,0.345895,0.066371,0.691198,2.8285,0.685588
2025-10-09,3.811045,0.545982,0.345962,0.066378,0.691272,2.828555,0.685177
2025-10-10,3.795823,0.538981,0.345962,0.066384,0.691284,2.828859,0.683889
2025-10-11,3.77838,0.535392,0.345962,0.066391,0.691359,2.828859,0.680505
2025-10-12,3.770293,0.535392,0.345962,0.066397,0.691433,2.828859,0.678408
2025-10-13,3.763896,0.530612,0.345991,0.066404,0.691507,2.828859,0.677069
2025-10-14,3.730681,0.530497,0.325117,0.06641,0.691582,2.85221,0.675852
2025-10-15,3.735944,0.516032,0.305138,0.072367,0.691656,2.849819,0.675107
2025-10-16,3.74238,0.514509,0.295162,0.076944,0.69154,2.850131,0.694742
2025-10-17,3.741772,0.509355,0.295197,0.076952,0.691805,2.850442,0.711325
2025-10-18,3.742975,0.498351,0.295197,0.076959,0.691879,2.850442,0.710701
2025-10-19,3.743837,0.498351,0.295197,0.076967,0.691953,2.850442,0.710361
2025-10-20,3.753249,0.492049,0.295292,0.076974,0.692528,2.851364,0.71021
2025-10-21,3.780987,0.484737,0.295331,0.076982,0.691714,2.85167,0.779006
2025-10-22,3.783789,0.490301,0.29536,0.076989,0.691788,2.851978,0.783837
2025-10-23,3.802796,0.483281,0.295392,0.076997,0.691783,2.852035,0.783561
2025-10-24,3.828493,0.497021,0.295421,0.077005,0.691858,2.852343,0.807949
2025-10-25,3.829402,0.504366,0.295421,0.077012,0.691931,2.852343,0.805818
2025-10-26,3.829723,0.503191,0.295421,0.077012,0.692005,2.852343,0.805572
2025-10-27,3.920133,0.507215,0.295502,0.077027,0.69208,2.853264,0.804959
2025-10-28,3.934422,0.50587,0.295542,0.077263,0.692133,2.853573,0.864953
2025-10-29,3.93608,0.501222,0.29947,0.07727,0.691901,2.853881,0.863847
2025-10-30,3.950588,0.505478,0.29947,0.077278,0.691976,2.854189,0.859801
2025-10-31,3.91616,0.511138,0.299513,0.077285,0.692045,2.828737,0.945397
2025-11-01,3.914279,0.523153,0.299513,0.077293,0.692115,2.828737,0.945397
2025-11-02,3.920837,0.528085,0.299513,0.0773,0.692185,2.828737,0.945397
2025-11-03,3.923916,0.527905,0.299602,0.077307,0.692192,2.828143,0.938711
2025-11-04,3.918239,0.513298,0.299619,0.077315,0.692261,2.829293,0.987698
2025-11-05,3.90688,0.490954,0.299654,0.077323,0.692331,2.822533,0.987717
2025-11-06,3.894317,0.483043,0.299685,0.07833,0.692401,2.822824,0.987712
2025-11-07,3.878516,0.469083,0.299728,0.078338,0.692471,2.823116,0.983363
2025-11-08,3.876161,0.466815,0.299728,0.078345,0.692541,2.823116,0.983363
2025-11-09,3.876156,0.474389,0.299728,0.078352,0.692611,2.823116,0.982437
2025-11-10,3.875628,0.47644,0.299819,0.07836,0.692681,2.52374,0.982742
2025-11-11,3.878736,0.490334,0.299819,0.078367,0.69275,2.52374,1.005227
2025-11-12,3.885333,0.490931,0.299819,0.078367,0.692757,2.524012,1.009866
2025-11-13,3.956519,0.491224,0.299893,0.078431,0.692827,2.524274,1.057679
2025-11-14,3.961022,0.488143,0.299916,0.076428,0.692897,2.524536,1.077151
2025-11-15,3.963531,0.479163,0.299916,0.076435,0.692967,2.524536,1.07659
2025-11-16,3.958075,0.474363,0.299916,0.076443,0.693036,2.524536,1.075041
2025-11-17,3.997227,0.484721,0.300002,0.07645,0.693107,2.325217,1.071861
2025-11-18,3.98925,0.489159,0.300031,0.076506,0.693177,2.325156,1.071472
2025-11-19,3.985266,0.491709,0.296162,0.076513,0.693247,2.322369,1.194837
2025-11-20,4.030976,0.487012,0.296186,0.07652,0.692019,2.313607,1.184948
2025-11-21,4.004905,0.559074,0.295713,0.076448,0.692089,2.327567,1.175514
2025-11-22,4.005285,0.556265,0.295713,0.076455,0.692159,2.327567,1.175088
2025-11-23,4.005528,0.556753,0.295713,0.076463,0.692229,2.327567,1.174757
2025-11-24,3.993532,0.531237,0.295807,0.07647,0.692365,2.324283,1.174808
2025-11-25,3.988468,0.544042,0.295833,0.076477,0.692435,2.324522,1.158412
2025-11-26,3.98827,0.543587,0.295863,0.076485,0.692505,2.316813,1.157983
2025-11-27,3.98632,0.561103,0.295863,0.076492,0.692575,2.316813,1.196142
2025-11-28,3.984341,0.560644,0.295907,0.077499,0.692638,2.317294,1.19784
2025-11-29,3.984514,0.576304,0.295907,0.077507,0.692708,2.317294,1.196641
2025-11-30,3.984564,0.575679,0.295907,0.077514,0.692778,2.317294,1.196252
2025-12-01,4.027558,0.575435,0.295998,0.079522,0.692848,2.318799,1.195338
2025-12-02,4.023254,0.578098,0.296436,0.079514,0.693543,2.318941,1.195109
2025-12-03,4.022134,0.584942,0.296489,0.073461,0.693613,2.029152,1.194834
2025-12-04,4.037341,0.591645,0.296535,0.073468,0.693683,2.028352,1.294952
2025-12-05,4.037015,0.601702,0.296567,0.073485,0.703754,2.028558,1.293978
2025-12-06,4.037151,0.622004,0.296567,0.073492,0.703825,2.028558,1.293978
2025-12-07,4.037237,0.621503,0.296567,0.073499,0.703896,2.028558,1.293978
2025-12-08,4.042372,0.619618,0.296796,0.073506,0.703908,2.029279,1.285509
2025-12-09,4.017796,0.583084,0.29682,0.073512,0.703979,1.829747,1.345643
2025-12-10,4.049022,0.550555,0.296844,0.07402,0.70405,1.829933,1.345785
2025-12-11,4.094005,0.578602,0.263523,0.074026,0.704121,1.830119,1.345924
2025-12-12,4.09217,0.588343,0.263554,0.074026,0.704193,1.82754,1.346056
2025-12-13,4.092593,0.588317,0.263554,0.07404,0.704264,1.82754,1.346053
2025-12-14,4.092807,0.592183,0.263554,0.074047,0.704335,1.82754,1.346053
2025-12-15,4.111467,0.599134,0.263626,0.074053,0.704406,1.840576,1.346448
2025-12-16,4.103602,0.590803,0.263644,0.07406,0.704477,1.755504,1.416583
2025-12-17,4.248014,0.595887,0.263669,0.074067,0.704548,1.750674,1.416721
2025-12-18,4.211268,0.586436,0.263694,0.074073,0.704558,1.745831,1.415047
2025-12-19,4.231223,0.586706,0.263724,0.07408,0.704629,1.7459,1.414583
2025-12-20,4.23082,0.586681,0.263724,0.074086,0.7047,1.7459,1.414583
2025-12-21,4.232838,0.586681,0.263724,0.074093,0.704771,1.7459,1.414583
2025-12-22,4.289071,0.586278,0.26379,0.074099,0.703625,1.744654,1.413119
2025-12-23,4.216029,0.581974,0.263816,0.074206,0.703696,1.744734,1.523258
2025-12-24,4.231043,0.580658,0.263837,0.074212,0.703767,1.734052,1.52279
2025-12-25,4.230928,0.57841,0.263837,0.074219,0.703838,1.734052,1.52279
2025-12-26,4.231273,0.563188,0.263882,0.074225,0.703909,1.734131,1.52154
2025-12-27,4.231029,0.567059,0.263882,0.074232,0.70398,1.734131,1.52154
2025-12-28,4.23047,0.567034,0.263882,0.074239,0.704051,1.734131,1.52154
2025-12-29,4.231395,0.555127,0.263959,0.074245,0.704122,1.737138,1.521997
2025-12-30,4.230704,0.549951,0.263978,0.074453,0.704193,1.740208,1.520586
2025-12-31,4.231399,0.533939,0.264008,0.074459,0.704263,1.740376,1.52025
2026-01-01,4.231277,0.538326,0.264008,0.074466,0.704332,1.740376,1.52025
2026-01-02,4.227598,0.574426,0.264008,0.074473,0.704402,1.743549,1.52056
2026-01-03,4.227883,0.575433,0.264008,0.074479,0.704472,1.743549,1.52056
2026-01-04,4.228036,0.575409,0.264048,0.074486,0.704442,1.743549,1.52056
2026-01-05,4.245153,0.577052,0.264619,0.074624,0.704517,1.726671,1.517972
2026-01-06,4.2386,0.576982,0.264642,0.074631,0.704521,1.726836,1.518121
2026-01-07,4.252502,0.57259,0.304668,0.074637,0.704591,1.727,1.518269
2026-01-08,4.256168,0.575452,0.30469,0.07479,0.704661,1.727161,1.518417
2026-01-09,4.311654,0.578108,0.324715,0.074887,0.704731,1.732324,1.518563
2026-01-10,4.311773,0.578108,0.324715,0.074893,0.704801,1.732324,1.518563
2026-01-11,4.311864,0.578108,0.324715,0.0749,0.704871,1.732324,1.518561
2026-01-12,4.313681,0.582078,0.344297,0.076905,0.704942,1.732814,1.519003
2026-01-13,4.30688,0.593983,0.404321,0.07991,0.705012,1.735477,1.516241
2026-01-14,4.300499,0.600029,0.424344,0.082915,0.735085,1.746739,1.503801
2026-01-15,4.198782,0.604877,0.464375,0.085921,0.785163,1.714004,1.50249
2026-01-16,4.178441,0.60833,0.464414,0.085928,0.885231,1.718966,1.46478
2026-01-17,4.179056,0.608298,0.464414,0.085935,0.885319,1.718966,1.461864
2026-01-18,4.178928,0.608298,0.464414,0.085943,0.885407,1.718966,1.461864
2026-01-19,4.180425,0.607347,0.464414,0.08595,0.885406,1.718966,1.482345
2026-01-20,4.164103,0.624491,0.484582,0.088057,0.921022,1.684525,1.592925
2026-01-21,4.200749,0.622115,0.48462,0.091063,1.081433,1.684686,1.693075
2026-01-22,4.253824,0.633299,0.504659,0.098069,1.231556,1.684846,1.690411
2026-01-23,4.244149,0.630155,0.504703,0.098078,1.306686,1.684656,1.69074
2026-01-24,4.243943,0.631269,0.504703,0.098086,1.306816,1.684656,1.69074
2026-01-25,4.244107,0.631269,0.504703,0.098095,1.306946,1.684656,1.646171
2026-01-26,4.239776,0.627969,0.504841,0.098023,1.307076,1.685239,1.646666
2026-01-27,4.178649,0.646261,0.524886,0.103028,1.307206,1.685401,1.666919
2026-01-28,4.221897,0.649018,0.527434,0.106035,1.407589,1.688762,1.66708
2026-01-29,4.216097,0.659035,0.547474,0.109042,1.407729,1.694423,1.68258
2026-01-30,4.2163,0.657118,0.567525,0.109052,1.406734,1.686334,1.652586
2026-01-31,4.213421,0.647575,0.567525,0.109061,1.406869,1.686334,1.652586
2026-02-01,4.213405,0.644076,0.567525,0.109069,1.406803,1.686334,1.652572
2026-02-02,4.206062,0.633001,0.567525,0.111349,1.406984,1.70682,1.652548
2026-02-03,4.255956,0.629313,0.567525,0.113357,1.407119,1.731983,1.65265
2026-02-04,4.242406,0.624123,0.56778,0.114062,1.307175,1.734749,1.647182
2026-02-05,4.252288,0.612785,0.56783,0.11507,1.3073,1.784879,1.642827
2026-02-06,4.248161,0.660108,0.567891,0.110151,1.307758,1.809124,1.584968
2026-02-07,4.271516,0.68554,0.567891,0.110161,1.307883,1.809124,1.584968
2026-02-08,4.271606,0.685476,0.567891,0.11017,1.308008,1.809124,1.562656
2026-02-09,4.264174,0.622643,0.568042,0.11018,1.308133,1.802636,1.563004
2026-02-10,4.30905,0.772134,0.568088,0.117185,1.308258,1.840412,1.563148
2026-02-11,4.309518,0.746037,0.568144,0.130182,1.308383,1.840586,1.571935
2026-02-12,4.297464,0.754549,0.568196,0.136188,1.308508,1.84051,1.572087
2026-02-13,4.290959,0.759649,0.568248,0.15309,1.308633,1.840586,1.572241
2026-02-14,4.291187,0.760558,0.568248,0.153102,1.308758,1.840586,1.622221
2026-02-15,4.291185,0.761528,0.568248,0.153102,1.308883,1.840586,1.622221
2026-02-16,4.304714,0.754752,0.568458,0.153126,1.309008,1.840586,1.717185
2026-02-17,4.309104,0.764536,0.568458,0.150935,1.3091,1.890771,1.717141
2026-02-18,4.298646,0.768417,0.568503,0.15095,1.309225,1.940172,1.717309
2026-02-19,4.2902,0.748298,0.568555,0.150963,1.315351,1.940359,1.71748
2026-02-20,4.289121,0.762704,0.568613,0.149331,1.314208,1.940292,1.717646
2026-02-21,4.287316,0.762796,0.568613,0.149344,1.314334,1.940292,1.717646
2026-02-22,4.287417,0.754894,0.568613,0.149357,1.314459,1.940292,1.717646
2026-02-23,4.306736,0.725068,0.568771,0.149371,1.314585,1.940843,1.718147
2026-02-24,4.324338,0.711906,0.568822,0.159377,1.314711,1.939527,1.71831
2026-02-25,4.332377,0.69392,0.568878,0.168065,1.314836,1.939421,1.793477
2026-02-26,4.345243,0.702065,0.568926,0.178073,1.315962,1.90861,1.793872
2026-02-27,4.339673,0.699374,0.568983,0.178088,1.315885,1.958776,1.868642
2026-02-28,4.340297,0.700984,0.568983,0.178104,1.316011,1.958776,1.868642
2026-03-01,4.33916,0.701068,0.568983,0.17812,1.316339,1.958776,1.868642
2026-03-02,4.336419,0.697533,0.56913,0.188128,1.316465,2.00932,1.929288
2026-03-03,4.38673,0.701771,0.569172,0.198138,1.316391,2.009303,1.929474
2026-03-04,4.3772,0.610515,0.569227,0.195503,1.316517,2.009394,1.929664
2026-03-05,4.304527,0.612964,0.569279,0.19563,1.316643,2.006635,1.929852
2026-03-06,4.322454,0.612262,0.569334,0.195647,1.316739,2.006825,2.018032
2026-03-07,4.322709,0.61199,0.569334,0.195664,1.316836,2.006825,2.018032
2026-03-08,4.322714,0.609856,0.569334,0.195681,1.316933,2.006825,2.018032
2026-03-09,4.330169,0.6156,0.569496,0.201558,1.31703,2.007394,2.01861
2026-03-10,4.339574,0.617533,0.569542,0.201575,1.316884,1.999784,2.018814
2026-03-11,4.317721,0.622075,0.619594,0.201593,1.317155,1.993947,2.119008
2026-03-12,4.2818,0.646228,0.669646,0.201611,1.317495,1.994935,2.294213
2026-03-13,4.283266,0.654501,0.76527,0.200443,1.318619,1.995324,2.294436
2026-03-14,4.284562,0.660128,0.76527,0.20046,1.318716,1.995324,2.294436
2026-03-15,4.284537,0.660239,0.76527,0.200477,1.318813,1.995324,2.294436
2026-03-16,4.294216,0.658261,0.765476,0.200495,1.31891,2.001291,2.295094
2026-03-17,4.275024,0.661207,0.815537,0.200385,1.319007,2.012285,2.395327
2026-03-18,4.294545,0.667267,0.865615,0.206402,1.319104,2.012475,2.402055
2026-03-19,4.311749,0.786725,0.915668,0.266309,1.319433,2.012664,2.396685
2026-03-20,4.347911,0.806505,0.965717,0.294632,1.31722,2.012854,2.436604
2026-03-21,4.34833,0.806804,0.965717,0.294655,1.317346,2.012854,2.436604
2026-03-22,4.347891,0.805238,0.965717,0.294678,1.317472,2.012854,2.436604
2026-03-23,4.34485,0.794907,0.966036,0.299703,1.317598,2.063173,2.437308
2026-03-24,4.332705,0.765643,1.016137,0.329729,1.317724,2.087616,2.43754
2026-03-25,4.321902,0.732184,1.041208,0.359746,1.410541,2.11255,2.437762
2026-03-26,4.266122,0.57928,1.06631,0.429777,1.581945,2.133529,2.612997
2026-03-27,4.244259,0.582374,1.091388,0.459814,1.61459,2.169131,2.613252
2026-03-28,4.244419,0.582466,1.091388,0.459852,1.614745,2.169131,2.613252
2026-03-29,4.244502,0.581841,1.091388,0.459889,1.614899,2.169131,2.613252
2026-03-30,4.321444,0.632046,1.116703,0.459929,1.745066,2.226796,2.664009
2026-03-31,4.306441,0.636886,1.166759,0.499969,1.875245,2.247007,2.689047
2026-04-01,4.291303,0.647431,1.191885,0.540013,2.006437,2.267221,2.68931
2026-04-02,4.35106,0.844723,1.216984,0.60006,2.12664,2.298436,2.686225
2026-04-03,4.375619,0.840477,1.242429,0.600112,2.126843,2.298436,2.686483
2026-04-04,4.37572,0.840976,1.242429,0.600164,2.127047,2.298436,2.686483
2026-04-05,4.375805,0.840977,1.242429,0.600217,2.12725,2.298436,2.686474
2026-04-06,4.37771,0.8429,1.242429,0.670253,2.127453,2.348058,2.667251
2026-04-07,4.358625,0.642501,1.242525,0.670311,2.127597,2.398281,2.66751
2026-04-08,4.365458,0.65937,1.302662,0.725369,2.131872,2.392931,2.667766
2026-04-09,4.327697,0.661632,1.327805,0.715414,2.137118,2.393156,2.66802
2026-04-10,4.338017,0.658926,1.352953,0.805467,2.143242,2.443379,2.668274
2026-04-11,4.339313,0.658826,1.352953,0.805529,2.143447,2.443379,2.668274
2026-04-12,4.340805,0.659183,1.352953,0.805591,2.143652,2.443379,2.668274
2026-04-13,4.325449,0.656549,1.378305,0.833161,2.143857,2.494071,2.669041
2026-04-14,4.282984,0.674704,1.428402,0.832868,2.144062,2.494307,2.6693
2026-04-15,4.281877,0.68015,1.428517,0.896851,2.179133,2.495541,2.819507
2026-04-16,4.279505,0.695467,1.523611,0.962936,2.180642,2.495782,2.819787
2026-04-17,4.250444,0.741904,1.523802,1.028019,2.127826,2.495155,2.905059
2026-04-18,4.250719,0.742847,1.523802,1.028103,2.129073,2.495155,2.905059
2026-04-19,4.250956,0.743302,1.523802,1.028186,2.13065,2.495155,2.905059
2026-04-20,4.318359,0.738157,1.524237,1.02691,2.139701,2.495865,2.905905
2026-04-21,4.311417,0.740999,1.524392,1.011408,2.098577,2.494101,2.906184
2026-04-22,4.270587,0.693807,1.524536,1.061496,2.139454,2.503336,2.905959
2026-04-23,4.26534,0.866867,1.524681,1.062688,2.137838,2.203673,2.904923
2026-04-24,4.268087,0.889257,1.424811,1.062781,2.138284,2.263583,2.905202
2026-04-25,4.268308,0.894095,1.424811,1.062873,2.138489,2.263583,2.905202
2026-04-26,4.273648,0.90328,1.424811,1.062966,2.139421,2.263583,2.905202
2026-04-27,4.280128,0.919375,1.375183,1.098058,2.139362,2.270201,2.906049
2026-04-28,4.263192,0.826646,1.325304,1.098154,2.139972,2.281905,2.906333
2026-04-29,4.259483,0.816639,1.275421,1.163249,2.140255,2.282122,2.906571
2026-04-30,4.272142,0.80989,1.240525,1.163795,2.140867,2.282338,2.907651
2026-05-01,4.395929,0.811009,1.240666,1.163896,2.141086,2.282555,2.907936
2026-05-02,4.396139,0.813662,1.240666,1.163997,2.141434,2.282555,2.907936
2026-05-03,4.396216,0.817973,1.240666,1.164098,2.141638,2.282555,2.907936
2026-05-04,4.397661,0.832431,1.190999,1.164199,2.141945,2.283206,2.918772
2026-05-05,4.4098,0.849197,1.141087,1.195071,2.143025,2.381173,2.919052
2026-05-06,4.41312,0.857789,1.141199,1.260175,2.145181,2.381486,2.994329
2026-05-07,4.415231,0.847308,1.141313,1.325283,2.145235,2.418311,2.984613
2026-05-08,4.446353,0.848818,1.141422,1.325398,2.145441,2.443413,2.985647
2026-05-09,4.446567,0.85425,1.141422,1.325512,2.145645,2.443413,2.985647
2026-05-10,4.446264,0.856213,1.141422,1.325626,2.145914,2.443413,2.985647
2026-05-11,4.44029,0.87339,1.148743,1.37615,2.704944,2.324103,2.98275
2026-05-12,4.432264,0.886456,1.123825,1.374061,2.146339,2.402569,2.983033
2026-05-13,4.359875,0.891038,1.123924,1.41907,2.146544,2.298958,2.983316
2026-05-14,4.49949,0.866158,1.099026,1.484192,2.147249,2.447277,2.978966
2026-05-15,4.4861,0.870634,1.074132,1.484319,2.144211,2.682505,2.971935
2026-05-16,4.484192,0.869097,1.074132,1.484447,2.143528,2.682505,2.971935
2026-05-17,4.484112,0.873371,1.074132,1.484574,2.142857,2.682505,2.971935
2026-05-18,4.471952,0.892322,1.049413,1.4847,2.141885,2.621826,2.972575
2026-05-19,4.473637,0.906079,1.024528,1.484827,2.142209,2.58732,2.972851
2026-05-20,4.541748,0.830944,0.999621,1.48495,2.142465,2.53756,2.978125
2026-05-21,4.525489,0.813691,0.974617,1.555177,2.141468,2.532796,2.982399
2026-05-22,4.533846,0.829374,0.949777,1.55521,2.141673,2.511779,2.982676
2026-05-23,4.534164,0.831894,0.949777,1.555344,2.14197,2.511779,2.982676
2026-05-24,4.534235,0.836502,0.949777,1.555477,2.142706,2.511779,2.982676
2026-05-25,4.529146,0.835199,0.95011,1.55561,2.143288,2.511779,2.982676
2026-05-26,4.512698,0.721383,0.925104,1.555706,2.14389,2.487655,2.983779
2026-05-27,4.522977,0.731324,0.900175,1.595895,2.144154,2.440831,2.984068
2026-05-28,4.414589,0.736368,0.875346,1.596083,2.141724,2.424108,2.984357
2026-05-29,4.413628,0.76769,0.875346,1.586223,2.143056,2.424337,2.957363
2026-05-30,4.41447,0.770666,0.875346,1.58636,2.14327,2.424337,2.957363
2026-05-31,4.408569,0.7666,0.875346,1.586497,2.143475,2.424337,2.957363
2026-06-01,4.380825,0.736701,0.875667,1.586635,2.143679,2.415027,2.958021
2026-06-02,4.366928,0.751351,0.875777,1.586772,2.141704,2.407287,2.957369
2026-06-03,4.353016,0.748984,0.875863,1.587104,2.142038,2.402815,2.897573
2026-06-04,4.364956,0.735195,0.875943,1.587241,2.142281,2.403042,2.847133
2026-06-05,4.390404,0.756215,0.876529,1.587348,2.142493,2.393269,2.82606
2026-06-06,4.390846,0.756457,0.876529,1.587485,2.142752,2.393269,2.82606
2026-06-07,4.39074,0.748159,0.876529,1.587622,2.143523,2.393269,2.82606
2026-06-08,4.386787,0.722737,0.876766,1.587759,2.148727,2.458949,2.906878
2026-06-09,4.424537,0.714199,0.876847,1.597897,2.148826,2.430682,2.975156
2026-06-10,4.440142,0.713364,0.876933,1.598034,2.150026,2.446912,3.011246
2026-06-11,4.397572,0.709306,0.876513,1.598172,2.150228,2.46867,3.011681
2026-06-12,4.413623,0.752276,0.876604,1.598311,2.150635,2.368903,3.011969
2026-06-13,4.427985,0.752774,0.876604,1.598439,2.150976,2.368903,3.011969
2026-06-14,4.428075,0.757262,0.876604,1.598588,2.151393,2.368903,3.011969
2026-06-15,4.415474,0.778808,0.878034,1.598588,2.151598,2.369579,3.068827
2026-06-16,4.469408,0.835412,0.878117,1.598735,2.151755,2.369806,3.075525
2026-06-17,4.50672,0.812578,0.878433,1.598855,2.15196,2.370031,3.075819
2026-06-18,4.527082,0.846551,0.878982,1.598992,2.155358,2.370255,3.071602
2026-06-19,4.550965,0.839132,0.879302,1.599128,2.155872,2.370255,3.071602
2026-06-20,4.551078,0.838142,0.879302,1.599265,2.156659,2.370255,3.071602
2026-06-21,4.550845,0.837941,0.879302,1.599401,2.159569,2.370255,3.071602
2026-06-22,4.509484,0.835785,0.880302,1.599349,2.158653,2.355401,3.130775
2026-06-23,4.56936,0.846166,0.880366,1.599486,2.158916,2.354213,3.129888
2026-06-24,4.608965,0.747116,0.880457,1.594623,2.160078,2.403436,3.131187
2026-06-25,4.632079,0.630804,0.88047,1.59476,2.160405,2.403663,3.131488
2026-06-26,4.605093,0.616528,0.880553,1.594897,2.161533,2.234682,3.106125
2026-06-27,4.695848,0.616983,0.880553,1.595034,2.162074,2.234682,3.106125
2026-06-28,4.696064,0.616984,0.880553,1.59517,2.162069,2.234682,3.106125
2026-06-29,4.750456,0.725618,0.880808,1.594169,2.162085,2.234565,3.107018
2026-06-30,4.75326,0.730078,0.880863,1.594259,2.162324,2.234426,3.107314
2026-07-01,4.804611,0.733507,0.880958,1.594238,2.161719,2.227939,3.106771
2026-07-02,4.75006,0.734075,0.881063,1.594376,2.161901,2.228055,3.106771
2026-07-03,4.761274,0.764069,0.881434,1.594651,2.155751,2.228055,3.103894
2026-07-04,4.761434,0.764741,0.881434,1.594788,2.155697,2.228055,3.103894
2026-07-05,4.761684,0.764655,0.881434,1.594926,2.156477,2.228055,3.103894
2026-07-06,4.765444,0.786511,0.881434,1.595064,2.155994,2.233702,3.105199
2026-07-07,4.765285,0.770851,0.881505,1.625128,2.157042,2.233913,3.107481
2026-07-08,4.764639,0.735714,0.881581,1.624769,2.157246,2.234125,3.10778
2026-07-09,4.924932,0.737828,0.88166,1.624911,2.157485,2.368584,3.108074
2026-07-10,4.901019,0.693895,0.881769,1.625052,2.158901,2.868917,3.070317
2026-07-11,4.957432,0.694831,0.881769,1.625192,2.159069,2.868917,3.070317
2026-07-12,4.957259,0.695333,0.881769,1.625192,2.159275,2.868917,3.00248
2026-07-13,4.956732,0.694558,0.882006,1.625474,2.160515,2.864715,3.013986
2026-07-14,4.987331,0.6945,0.879135,1.625615,2.160734,2.870082,3.002963
2026-07-15,4.920828,0.689907,0.879241,1.625756,2.161835,2.595342,3.003246
2026-07-16,4.954509,0.689891,0.880324,1.625898,2.161535,2.599554,3.003535
2026-07-17,4.919595,0.673893,0.880406,1.63604,2.161392,2.618535,2.958575
2026-07-18,4.920011,0.676207,0.880406,1.636183,2.161599,2.618535,2.958575
2026-07-19,4.920077,0.674203,0.880406,1.636325,2.161781,2.618535,2.958575
2026-07-20,4.946885,0.683847,0.880654,1.636467,2.160805,2.519431,2.959424
2026-07-21,4.990418,0.68245,0.880734,1.63661,2.159552,2.522566,2.959703
2026-07-22,4.988712,0.709869,0.8808,1.639531,2.159731,2.523854,2.959987
2026-07-23,4.98122,0.748005,0.880854,1.684684,2.15913,2.603843,2.959291
2026-07-24,4.984521,0.738225,0.880873,1.759845,2.161351,2.607731,3.004575
2026-07-25,4.984996,0.738294,0.880873,1.759998,2.161558,2.607731,3.004575
2026-07-26,4.985072,0.738282,0.880873,1.760152,2.161765,2.607731,3.004575
2026-07-27,4.950674,0.740326,0.881129,1.760306,2.152368,2.607091,3.005102
2026-07-28,4.9443,0.751024,0.881195,1.760336,2.152597,2.608577,3.005391
2026-07-29,4.932161,0.747754,0.881327,1.760511,2.152498,2.637828,3.005682
2026-07-30,4.924724,0.748669,0.881515,1.760666,2.155496,2.655407,3.005475
2026-07-31,4.900111,0.757269,0.881705,1.730674,2.153349,2.673461,3.00566
2026-08-01,4.899778,0.758021,0.881705,1.730972,2.153719,2.673461,3.00566
2026-08-02,4.899785,0.757758,0.881705,1.731124,2.152649,2.673461,3.00566
2026-08-03,4.932034,0.774176,0.881965,1.741343,2.151363,2.674737,3.006511
2026-08-04,4.9345,0.796795,0.882011,1.731296,2.151662,2.67483,3.004085
2026-08-05,4.929092,0.764901,0.882121,1.727821,2.147388,2.683787,3.003903
2026-08-06,4.930588,0.766557,0.882143,1.728004,2.147962,2.695566,3.004192
2026-08-07,4.930052,0.814019,0.882301,1.728004,2.144628,2.680008,3.004483
2026-08-08,4.93058,0.813868,0.882301,1.72831,2.144866,2.680008,3.004483
2026-08-09,4.930602,0.814598,0.882301,1.728462,2.145042,2.680008,3.004483
2026-08-10,4.942619,0.795013,0.88258,1.728615,2.145189,2.681212,3.005347
2026-08-11,4.958962,0.796781,0.882625,1.728768,2.144607,2.696714,3.005635
2026-08-12,4.954142,0.78706,0.882715,1.728921,2.14482,2.709359,3.005927
2026-08-13,4.942832,0.786287,0.882828,1.729075,2.14477,2.71222,3.006215
2026-08-14,4.930947,0.7926,0.882939,1.729075,2.146177,2.712481,2.995275
2026-08-15,4.95028,0.792347,0.882939,1.729382,2.146384,2.712481,2.995275
2026-08-16,4.950545,0.792179,0.882939,1.729535,2.148052,2.712481,2.995275
2026-08-17,4.950871,0.782656,0.883186,1.733184,2.148634,2.713053,2.981026
2026-08-18,4.955024,0.773943,0.883244,1.73321,2.148642,2.713246,2.981321
2026-08-19,4.952993,0.749354,0.883835,1.733376,2.148818,2.707508,2.979568
2026-08-20,4.935053,0.674229,0.883928,1.724529,2.152164,2.692878,2.922449
2026-08-21,4.74225,0.649033,0.884015,1.724657,2.156339,2.559538,2.922732
2026-08-22,4.742734,0.649217,0.884015,1.724822,2.156534,2.559538,2.922732
2026-08-23,4.742503,0.649217,0.884015,1.724976,2.156437,2.559538,2.922732
2026-08-24,4.69054,0.654335,0.88426,1.72502,2.161073,2.611673,2.923579
2026-08-25,4.69403,0.65452,0.884436,1.725173,2.186333,2.754476,2.923863
2026-08-26,4.977833,0.655249,0.884336,1.725326,2.186689,2.765028,2.882091
